ann_no,category,recruitment_status,title,provider,business_type_code,business_type_name,recruit_status_code,recruit_status_name,recruit_type_code,recruit_type_name,apply_period,apply_start,apply_end,selection_announcement,dday,recruit_count,occupation_code,occupation_name,work_condition_code,work_condition_name,career_code,career_name,fee_amount,fee_text,education_start,education_end,education_location,pre_edu_yn,lecturer,term,register_count,waiting_personnel,application_url,source_url,crawled_at
73160714,50플러스센터교육,모집중,[일활동] 청연 홈클리닝 청소매니저 양성과정 (6.9),성북센터,CENTER_EDUCATION,50플러스센터 교육,OPEN,모집중,LECTURE,교육회원,2026-05-22~2026-06-08,2026-05-22,2026-06-08,,15,20,69701858,일활동 교육사업,FREE_CONFIRM,무료,,,0,0원,2026-06-09,2026-06-09,성북센터,,청소연구소,2026년 성북 여름학기 (6~7월),2,10,https://www.50plus.or.kr/education-detail.do?id=73160714&viewCount=12&educationKind=centerEducation,https://www.50plus.or.kr/education-detail.do?id=73160714&viewCount=12&educationKind=centerEducation,2026-05-24T14:51:05
73146175,50플러스센터교육,모집중,일반경비원 신임교육,동작센터,CENTER_EDUCATION,50플러스센터 교육,OPEN,모집중,LECTURE,교육회원,2026-05-22~2026-06-21,2026-05-22,2026-06-21,,28,10,69087252,일활동사업,CHARGED,유료,,,85000,85000원,2026-06-23,2026-06-25,동작센터,,(주)잡모아 강사진,2026년 동작 상반기,0,0,https://www.50plus.or.kr/education-detail.do?id=73146175&viewCount=12&educationKind=centerEducation,https://www.50plus.or.kr/education-detail.do?id=73146175&viewCount=12&educationKind=centerEducation,2026-05-24T14:51:05
73132475,50플러스센터교육,모집중,[성북구민 프로젝트] 성북구 치유의 숲길 (6.8 ~29/월/10시),성북센터,CENTER_EDUCATION,50플러스센터 교육,OPEN,모집중,LECTURE,교육회원,2026-05-21~2026-06-04,2026-05-21,2026-06-04,,11,15,48757591,인생설계,FREE_CONFIRM,무료,,,0,0원,2026-06-08,2026-06-29,성북센터,,박향미,2025년 성북 여름학기 (5~7월),0,10,https://www.50plus.or.kr/education-detail.do?id=73132475&viewCount=12&educationKind=centerEducation,https://www.50plus.or.kr/education-detail.do?id=73132475&viewCount=12&educationKind=centerEducation,2026-05-24T14:51:05
73095300,50플러스센터교육,모집중,[취약계층돌봄학교] 신생아관리사 양성과정 6월,동작센터,CENTER_EDUCATION,50플러스센터 교육,OPEN,모집중,LECTURE,교육회원,2026-05-20~2026-06-11,2026-05-20,2026-06-11,,18,10,69087252,일활동사업,CHARGED_CONFIRM,유료,,,10000,10000원,2026-06-17,2026-06-25,동작센터,,프리미엄 마망 강사진,2026년 동작 상반기,0,0,https://www.50plus.or.kr/education-detail.do?id=73095300&viewCount=12&educationKind=centerEducation,https://www.50plus.or.kr/education-detail.do?id=73095300&viewCount=12&educationKind=centerEducation,2026-05-24T14:51:05
73068550,50플러스센터교육,모집중,[입주기업협업]AI명함만들기,동작센터,CENTER_EDUCATION,50플러스센터 교육,OPEN,모집중,LECTURE,교육회원,2026-05-20~2026-06-09,2026-05-20,2026-06-09,,16,15,69087249,인생설계사업,CHARGED,유료,,,5000,5000원,2026-06-11,2026-06-11,동작센터,,심석희,2026년 동작 상반기,3,5,https://www.50plus.or.kr/education-detail.do?id=73068550&viewCount=12&educationKind=centerEducation,https://www.50plus.or.kr/education-detail.do?id=73068550&viewCount=12&educationKind=centerEducation,2026-05-24T14:51:05
73053133,50플러스센터교육,모집중,[서울런4050 직업역량강화] 박물관 해설사 양성과정,금천센터,CENTER_EDUCATION,50플러스센터 교육,OPEN,모집중,LECTURE,교육회원,2026-05-20~2026-06-08,2026-05-20,2026-06-08,,15,16,57199062,일·활동,CHARGED_CONFIRM,유료,,,40000,40000원,2026-06-09,2026-07-01,금천센터,,육연숙,2026년 금천 1학기,0,8,https://www.50plus.or.kr/education-detail.do?id=73053133&viewCount=12&educationKind=centerEducation,https://www.50plus.or.kr/education-detail.do?id=73053133&viewCount=12&educationKind=centerEducation,2026-05-24T14:51:05
73020509,50플러스센터교육,모집중,"[특별기획프로그램] 3대 질병 예방과 맞춤 영양제 가이드(월, 10:00-11:50)",성동센터,CENTER_EDUCATION,50플러스센터 교육,OPEN,모집중,LECTURE,교육회원,2026-05-19~2026-06-14,2026-05-19,2026-06-14,,21,20,69099942,노후지원사업,CHARGED,유료,,,5000,5000원,2026-06-15,2026-06-15,성동센터,,서창희,2026년 성동봄학기(5월~6월),6,5,https://www.50plus.or.kr/education-detail.do?id=73020509&viewCount=12&educationKind=centerEducation,https://www.50plus.or.kr/education-detail.do?id=73020509&viewCount=12&educationKind=centerEducation,2026-05-24T14:51:05
73001946,50플러스센터교육,모집중,[인생설계] 체력Up! 중장년 건강생활 습관 2차,금천센터,CENTER_EDUCATION,50플러스센터 교육,OPEN,모집중,LECTURE,교육회원,2026-05-18~2026-06-01,2026-05-18,2026-06-01,,8,10,57199061,인생설계,CHARGED_CONFIRM,유료,,,24000,24000원,2026-06-08,2026-06-24,금천센터,,박기현,2026년 금천 1학기,5,5,https://www.50plus.or.kr/education-detail.do?id=73001946&viewCount=12&educationKind=centerEducation,https://www.50plus.or.kr/education-detail.do?id=73001946&viewCount=12&educationKind=centerEducation,2026-05-24T14:51:05
72922023,50플러스센터교육,모집중,[행복한밥상] 중장년 1인가구 지원사업 성북 “혼밥클라쓰 시즌 4”,성북센터,CENTER_EDUCATION,50플러스센터 교육,OPEN,모집중,LECTURE,교육회원,2026-05-15~2026-05-28,2026-05-15,2026-05-28,,4,10,69701844,인생설계 상담사업,FREE_CONFIRM,무료,,,0,0원,2026-06-09,2026-06-30,성북센터,,마봉현,2026년 성북 여름학기 (6~7월),0,10,https://www.50plus.or.kr/education-detail.do?id=72922023&viewCount=12&educationKind=centerEducation,https://www.50plus.or.kr/education-detail.do?id=72922023&viewCount=12&educationKind=centerEducation,2026-05-24T14:51:05
72880434,50플러스센터교육,모집중,사운드 엔지니어링-음향 초보자를 위한 가이드,금천센터,CENTER_EDUCATION,50플러스센터 교육,OPEN,모집중,LECTURE,교육회원,2026-05-14~2026-06-07,2026-05-14,2026-06-07,,14,12,57199061,인생설계,CHARGED_CONFIRM,유료,,,24000,24000원,2026-06-08,2026-07-13,금천센터,,신택준,2026년 금천 1학기,8,5,https://www.50plus.or.kr/education-detail.do?id=72880434&viewCount=12&educationKind=centerEducation,https://www.50plus.or.kr/education-detail.do?id=72880434&viewCount=12&educationKind=centerEducation,2026-05-24T14:51:05
72853502,50플러스센터교육,모집중,"전담인력과 함께하는 노후준비진단(화, 10:00-11:00)",성동센터,CENTER_EDUCATION,50플러스센터 교육,OPEN,모집중,LECTURE,교육회원,2026-05-13~2026-06-01,2026-05-13,2026-06-01,,8,12,69099942,노후지원사업,FREE,무료,,,0,0원,2026-06-02,2026-06-02,성동센터,,노후준비전담인력,2026년 성동봄학기(5월~6월),3,5,https://www.50plus.or.kr/education-detail.do?id=72853502&viewCount=12&educationKind=centerEducation,https://www.50plus.or.kr/education-detail.do?id=72853502&viewCount=12&educationKind=centerEducation,2026-05-24T14:51:05
72777756,50플러스센터교육,모집중,[나눔교실] 중국통이 안내하는  생생여행 회화팁,금천센터,CENTER_EDUCATION,50플러스센터 교육,OPEN,모집중,LECTURE,교육회원,2026-05-14~2026-06-03,2026-05-14,2026-06-03,,10,16,57199088,금빛학교,FREE_CONFIRM,무료,,,0,0원,2026-06-04,2026-06-11,금천센터,,김만금,2026년 금천 1학기,0,6,https://www.50plus.or.kr/education-detail.do?id=72777756&viewCount=12&educationKind=centerEducation,https://www.50plus.or.kr/education-detail.do?id=72777756&viewCount=12&educationKind=centerEducation,2026-05-24T14:51:05
72774367,50플러스센터교육,모집중,[일활동] AI로 열어가는 인생 2막: 실무 극대화부터 온라인 수익 창출까지,성북센터,CENTER_EDUCATION,50플러스센터 교육,OPEN,모집중,LECTURE,교육회원,2026-05-12~2026-05-26,2026-05-12,2026-05-26,,2,15,69701858,일활동 교육사업,CHARGED_CONFIRM,유료,,,30000,30000원,2026-06-05,2026-07-10,성북센터,,최지호,2026년 성북 여름학기 (6~7월),0,10,https://www.50plus.or.kr/education-detail.do?id=72774367&viewCount=12&educationKind=centerEducation,https://www.50plus.or.kr/education-detail.do?id=72774367&viewCount=12&educationKind=centerEducation,2026-05-24T14:51:05
72772420,50플러스센터교육,모집중,[인생설계] 스마트한 AI 문서디자인,성북센터,CENTER_EDUCATION,50플러스센터 교육,OPEN,모집중,LECTURE,교육회원,2026-05-12~2026-05-28,2026-05-12,2026-05-28,,4,15,69701845,인생설계 교육사업,CHARGED_CONFIRM,유료,,,30000,30000원,2026-06-10,2026-07-15,성북센터,,유선주,2026년 성북 여름학기 (6~7월),0,10,https://www.50plus.or.kr/education-detail.do?id=72772420&viewCount=12&educationKind=centerEducation,https://www.50plus.or.kr/education-detail.do?id=72772420&viewCount=12&educationKind=centerEducation,2026-05-24T14:51:05
72771813,50플러스센터교육,모집중,[행복더함] 펜으로 그리는 수채화,성북센터,CENTER_EDUCATION,50플러스센터 교육,OPEN,모집중,LECTURE,교육회원,2026-05-12~2026-06-05,2026-05-12,2026-06-05,,12,15,69701845,인생설계 교육사업,CHARGED_CONFIRM,유료,,,5000,5000원,2026-06-10,2026-07-15,성북센터,,최유선,2026년 성북 여름학기 (6~7월),5,10,https://www.50plus.or.kr/education-detail.do?id=72771813&viewCount=12&educationKind=centerEducation,https://www.50plus.or.kr/education-detail.do?id=72771813&viewCount=12&educationKind=centerEducation,2026-05-24T14:51:05
72769072,50플러스센터교육,모집중,[인생디자인] AI와 함께하는 '움직이는' 감성 캘리 카드 만들기,성북센터,CENTER_EDUCATION,50플러스센터 교육,OPEN,모집중,LECTURE,교육회원,2026-05-12~2026-05-28,2026-05-12,2026-05-28,,4,15,69701845,인생설계 교육사업,CHARGED_CONFIRM,유료,,,5000,5000원,2026-06-17,2026-07-15,성북센터,,이미경,2026년 성북 여름학기 (6~7월),0,10,https://www.50plus.or.kr/education-detail.do?id=72769072&viewCount=12&educationKind=centerEducation,https://www.50plus.or.kr/education-detail.do?id=72769072&viewCount=12&educationKind=centerEducation,2026-05-24T14:51:05
72769028,50플러스센터교육,모집중,[행복더함] 부동산 자산관리와 절세 전략,성북센터,CENTER_EDUCATION,50플러스센터 교육,OPEN,모집중,LECTURE,교육회원,2026-05-18~2026-06-05,2026-05-18,2026-06-05,,12,15,69701845,인생설계 교육사업,CHARGED_CONFIRM,유료,,,5000,5000원,2026-06-10,2026-07-15,성북센터,,박남수,2026년 성북 여름학기 (6~7월),0,20,https://www.50plus.or.kr/education-detail.do?id=72769028&viewCount=12&educationKind=centerEducation,https://www.50plus.or.kr/education-detail.do?id=72769028&viewCount=12&educationKind=centerEducation,2026-05-24T14:51:05
72768647,50플러스센터교육,모집중,"[인생설계] 여름 감성 한 스푼, 라탄 공예 클래스",성북센터,CENTER_EDUCATION,50플러스센터 교육,OPEN,모집중,LECTURE,교육회원,2026-05-12~2026-06-12,2026-05-12,2026-06-12,,19,15,69701845,인생설계 교육사업,CHARGED_CONFIRM,유료,,,20000,20000원,2026-06-18,2026-07-09,성북센터,,이승신,2026년 성북 여름학기 (6~7월),0,10,https://www.50plus.or.kr/education-detail.do?id=72768647&viewCount=12&educationKind=centerEducation,https://www.50plus.or.kr/education-detail.do?id=72768647&viewCount=12&educationKind=centerEducation,2026-05-24T14:51:05
72767875,50플러스센터교육,모집중,[인생디자인] 디자인씽킹(Design Thinking) 활용 바이브코딩 2기,성북센터,CENTER_EDUCATION,50플러스센터 교육,OPEN,모집중,LECTURE,교육회원,2026-05-12~2026-05-26,2026-05-12,2026-05-26,,2,15,48757591,인생설계,FREE_CONFIRM,유료,,,5000,5000원,2026-06-01,2026-07-06,성북센터,,김석현,2026년 성북 여름학기 (6~7월),0,10,https://www.50plus.or.kr/education-detail.do?id=72767875&viewCount=12&educationKind=centerEducation,https://www.50plus.or.kr/education-detail.do?id=72767875&viewCount=12&educationKind=centerEducation,2026-05-24T14:51:05
72767197,50플러스센터교육,모집중,[인생디자인]AI 앱으로 내 일상이 특별해지는 시간 : 오늘 배워서 오늘 바로 쓰는 생활 밀착 AI 교실 2,성북센터,CENTER_EDUCATION,50플러스센터 교육,OPEN,모집중,LECTURE,교육회원,2026-05-12~2026-05-26,2026-05-12,2026-05-26,,2,15,48757591,인생설계,CHARGED_CONFIRM,유료,,,5000,5000원,2026-06-04,2026-07-02,성북센터,,한기석,2026년 성북 여름학기 (6~7월),0,10,https://www.50plus.or.kr/education-detail.do?id=72767197&viewCount=12&educationKind=centerEducation,https://www.50plus.or.kr/education-detail.do?id=72767197&viewCount=12&educationKind=centerEducation,2026-05-24T14:51:05
72755049,50플러스센터교육,모집중,[인생디자인] 웃음이 멈추지 않는 숟가락 난타,성북센터,CENTER_EDUCATION,50플러스센터 교육,OPEN,모집중,LECTURE,교육회원,2026-05-12~2026-05-29,2026-05-12,2026-05-29,,5,20,69701845,인생설계 교육사업,CHARGED_CONFIRM,유료,,,5000,5000원,2026-06-04,2026-07-09,성북센터,,홍세은,2026년 성북 여름학기 (6~7월),17,10,https://www.50plus.or.kr/education-detail.do?id=72755049&viewCount=12&educationKind=centerEducation,https://www.50plus.or.kr/education-detail.do?id=72755049&viewCount=12&educationKind=centerEducation,2026-05-24T14:51:05
72750092,50플러스센터교육,모집중,[인생설계] 혼밥 마스터를 위한 저속노화 요리교실,금천센터,CENTER_EDUCATION,50플러스센터 교육,OPEN,모집중,LECTURE,교육회원,2026-05-11~2026-06-03,2026-05-11,2026-06-03,,10,10,57199061,인생설계,CHARGED_CONFIRM,유료,,,16000,16000원,2026-06-05,2026-06-26,금천센터,,모시연,2026년 금천 1학기,7,5,https://www.50plus.or.kr/education-detail.do?id=72750092&viewCount=12&educationKind=centerEducation,https://www.50plus.or.kr/education-detail.do?id=72750092&viewCount=12&educationKind=centerEducation,2026-05-24T14:51:05
72729809,50플러스센터교육,모집중,"[한양여대RISE지원사업] 병원동행매니저 자격증 취득과정(목,금 10:00-11:50)",성동센터,CENTER_EDUCATION,50플러스센터 교육,OPEN,모집중,LECTURE,교육회원,2026-05-13~2026-06-10,2026-05-13,2026-06-10,,17,24,69099966,일활동사업,FREE_CONFIRM,무료,,,0,0원,2026-06-11,2026-07-03,성동센터,,조준아,2026년 성동봄학기(5월~6월),18,10,https://www.50plus.or.kr/education-detail.do?id=72729809&viewCount=12&educationKind=centerEducation,https://www.50plus.or.kr/education-detail.do?id=72729809&viewCount=12&educationKind=centerEducation,2026-05-24T14:51:05
72713910,50플러스센터교육,모집중,[서울런4050 직업역량강화] 두드림카페 취창업스쿨 9기,금천센터,CENTER_EDUCATION,50플러스센터 교육,OPEN,모집중,LECTURE,교육회원,2026-05-08~2026-06-08,2026-05-08,2026-06-08,,15,12,57199062,일·활동,CHARGED_CONFIRM,유료,,,100000,100000원,2026-06-08,2026-07-28,금천센터,,"내일로내일, 보둠커피",2026년 금천 1학기,0,5,https://www.50plus.or.kr/education-detail.do?id=72713910&viewCount=12&educationKind=centerEducation,https://www.50plus.or.kr/education-detail.do?id=72713910&viewCount=12&educationKind=centerEducation,2026-05-24T14:51:05
72685101,50플러스센터교육,모집중,[e-비즈니스학교] SNS 커머스마케터 양성교실,동작센터,CENTER_EDUCATION,50플러스센터 교육,OPEN,모집중,LECTURE,교육회원,2026-05-11~2026-06-03,2026-05-11,2026-06-03,,10,15,69087252,일활동사업,CHARGED_CONFIRM,유료,,,50000,50000원,2026-06-08,2026-06-24,동작센터,,이정은,2026년 동작 상반기,11,0,https://www.50plus.or.kr/education-detail.do?id=72685101&viewCount=12&educationKind=centerEducation,https://www.50plus.or.kr/education-detail.do?id=72685101&viewCount=12&educationKind=centerEducation,2026-05-24T14:51:05
72684964,50플러스센터교육,모집중,세진사 출장세차 전문가 양성과정 6월,동작센터,CENTER_EDUCATION,50플러스센터 교육,OPEN,모집중,LECTURE,교육회원,2026-05-08~2026-05-27,2026-05-08,2026-05-27,,3,10,69087252,일활동사업,FREE_CONFIRM,무료,,,0,0원,2026-06-01,2026-06-02,동작센터,,세차에진심인사람들 강사진,2026년 동작 상반기,3,0,https://www.50plus.or.kr/education-detail.do?id=72684964&viewCount=12&educationKind=centerEducation,https://www.50plus.or.kr/education-detail.do?id=72684964&viewCount=12&educationKind=centerEducation,2026-05-24T14:51:05
72496507,50플러스센터교육,모집중,예찬주의자로 살아가기(나와 취향의 이해),동작센터,CENTER_EDUCATION,50플러스센터 교육,OPEN,모집중,LECTURE,교육회원,2026-05-15~2026-06-15,2026-05-15,2026-06-15,,22,20,72476029,공개강좌 원데이클래스 무료특강,FREE,무료,,,0,0원,2026-06-30,2026-06-30,동작센터,,김태수,2026년 동작새길 공개특강,10,10,https://www.50plus.or.kr/education-detail.do?id=72496507&viewCount=12&educationKind=centerEducation,https://www.50plus.or.kr/education-detail.do?id=72496507&viewCount=12&educationKind=centerEducation,2026-05-24T14:51:05
72496177,50플러스센터교육,모집중,디즈니 캐릭터와 함께하는 생활영어,동작센터,CENTER_EDUCATION,50플러스센터 교육,OPEN,모집중,LECTURE,교육회원,2026-05-15~2026-06-15,2026-05-15,2026-06-15,,22,20,72476029,공개강좌 원데이클래스 무료특강,FREE,무료,,,0,0원,2026-06-29,2026-06-29,동작센터,,정경하,2026년 동작새길 공개특강,12,10,https://www.50plus.or.kr/education-detail.do?id=72496177&viewCount=12&educationKind=centerEducation,https://www.50plus.or.kr/education-detail.do?id=72496177&viewCount=12&educationKind=centerEducation,2026-05-24T14:51:05
72495458,50플러스센터교육,모집중, 드로잉과 캘리그라피로 액자 작품 만들기,동작센터,CENTER_EDUCATION,50플러스센터 교육,WAITING,모집중,LECTURE,교육회원,2026-05-15~2026-06-15,2026-05-15,2026-06-15,,22,12,72476029,공개강좌 원데이클래스 무료특강,FREE,무료,,,0,0원,2026-06-26,2026-06-26,동작센터,,정현순,2026년 동작새길 공개특강,12,10,https://www.50plus.or.kr/education-detail.do?id=72495458&viewCount=12&educationKind=centerEducation,https://www.50plus.or.kr/education-detail.do?id=72495458&viewCount=12&educationKind=centerEducation,2026-05-24T14:51:05
72495011,50플러스센터교육,모집중,거울 보며 다시 설레고 싶은 당신에게 (새로운 시니어 이미지 만들기),동작센터,CENTER_EDUCATION,50플러스센터 교육,WAITING,모집중,LECTURE,교육회원,2026-05-15~2026-06-15,2026-05-15,2026-06-15,,22,12,72476029,공개강좌 원데이클래스 무료특강,FREE,무료,,,0,0원,2026-06-25,2026-06-25,동작센터,,송시은,2026년 동작새길 공개특강,12,10,https://www.50plus.or.kr/education-detail.do?id=72495011&viewCount=12&educationKind=centerEducation,https://www.50plus.or.kr/education-detail.do?id=72495011&viewCount=12&educationKind=centerEducation,2026-05-24T14:51:05
72493870,50플러스센터교육,모집중,나의 몸마음 다시보기,동작센터,CENTER_EDUCATION,50플러스센터 교육,OPEN,모집중,LECTURE,교육회원,2026-05-15~2026-06-15,2026-05-15,2026-06-15,,22,12,72476029,공개강좌 원데이클래스 무료특강,FREE,무료,,,0,0원,2026-06-25,2026-06-25,동작센터,,장혜영,2026년 동작새길 공개특강,4,10,https://www.50plus.or.kr/education-detail.do?id=72493870&viewCount=12&educationKind=centerEducation,https://www.50plus.or.kr/education-detail.do?id=72493870&viewCount=12&educationKind=centerEducation,2026-05-24T14:51:05
72493459,50플러스센터교육,모집중,<k-음악극 여행-내 인생의 주인공이 되는 시간: 뮤지컬 vs 창극 장면 읽기>,동작센터,CENTER_EDUCATION,50플러스센터 교육,OPEN,모집중,LECTURE,교육회원,2026-05-15~2026-06-15,2026-05-15,2026-06-15,,22,20,72476029,공개강좌 원데이클래스 무료특강,FREE,무료,,,0,0원,2026-06-24,2026-06-24,동작센터,,권라희,2026년 동작새길 공개특강,6,10,https://www.50plus.or.kr/education-detail.do?id=72493459&viewCount=12&educationKind=centerEducation,https://www.50plus.or.kr/education-detail.do?id=72493459&viewCount=12&educationKind=centerEducation,2026-05-24T14:51:05
72493112,50플러스센터교육,모집중,나를 위한 첫번째 피아노: 나를 듣는 시간,동작센터,CENTER_EDUCATION,50플러스센터 교육,OPEN,모집중,LECTURE,교육회원,2026-05-15~2026-06-15,2026-05-15,2026-06-15,,22,20,72476029,공개강좌 원데이클래스 무료특강,FREE,무료,,,0,0원,2026-06-23,2026-06-23,동작센터,,김도희,2026년 동작새길 공개특강,11,10,https://www.50plus.or.kr/education-detail.do?id=72493112&viewCount=12&educationKind=centerEducation,https://www.50plus.or.kr/education-detail.do?id=72493112&viewCount=12&educationKind=centerEducation,2026-05-24T14:51:05
72492711,50플러스센터교육,모집중,슬기로운 임대차 생활,동작센터,CENTER_EDUCATION,50플러스센터 교육,OPEN,모집중,LECTURE,교육회원,2026-05-15~2026-06-15,2026-05-15,2026-06-15,,22,20,72476029,공개강좌 원데이클래스 무료특강,FREE,무료,,,0,0원,2026-06-22,2026-06-22,동작센터,,이혜린,2026년 동작새길 공개특강,14,10,https://www.50plus.or.kr/education-detail.do?id=72492711&viewCount=12&educationKind=centerEducation,https://www.50plus.or.kr/education-detail.do?id=72492711&viewCount=12&educationKind=centerEducation,2026-05-24T14:51:05
72492307,50플러스센터교육,모집중,"소나레 (SONARE) 칼림바 원데이클래스 – 손끝으로 느끼는 힐링, 나의 첫 칼림바",동작센터,CENTER_EDUCATION,50플러스센터 교육,OPEN,모집중,LECTURE,교육회원,2026-05-15~2026-06-15,2026-05-15,2026-06-15,,22,15,72476029,공개강좌 원데이클래스 무료특강,FREE,무료,,,0,0원,2026-06-23,2026-06-23,동작센터,,윤수진,2026년 동작새길 공개특강,11,10,https://www.50plus.or.kr/education-detail.do?id=72492307&viewCount=12&educationKind=centerEducation,https://www.50plus.or.kr/education-detail.do?id=72492307&viewCount=12&educationKind=centerEducation,2026-05-24T14:51:05
72491944,50플러스센터교육,모집중,실버 인지 활력! 그림책 낭만열차: 열두 띠 신체 체조와 인생 여행,동작센터,CENTER_EDUCATION,50플러스센터 교육,OPEN,모집중,LECTURE,교육회원,2026-05-15~2026-05-31,2026-05-15,2026-05-31,,7,20,72476029,공개강좌 원데이클래스 무료특강,FREE,무료,,,0,0원,2026-06-19,2026-06-19,동작센터,,최인정,2026년 동작새길 공개특강,12,10,https://www.50plus.or.kr/education-detail.do?id=72491944&viewCount=12&educationKind=centerEducation,https://www.50plus.or.kr/education-detail.do?id=72491944&viewCount=12&educationKind=centerEducation,2026-05-24T14:51:05
72491504,50플러스센터교육,모집중,나의 기억 그리고 기록,동작센터,CENTER_EDUCATION,50플러스센터 교육,OPEN,모집중,LECTURE,교육회원,2026-05-15~2026-05-31,2026-05-15,2026-05-31,,7,20,72476029,공개강좌 원데이클래스 무료특강,FREE,무료,,,0,0원,2026-06-18,2026-06-18,동작센터,,나영원,2026년 동작새길 공개특강,6,10,https://www.50plus.or.kr/education-detail.do?id=72491504&viewCount=12&educationKind=centerEducation,https://www.50plus.or.kr/education-detail.do?id=72491504&viewCount=12&educationKind=centerEducation,2026-05-24T14:51:05
72490933,50플러스센터교육,모집중,"[팝송영어] 영화 '써니'의 “Sunny”, 피아노 반주로 함께 불러요! ",동작센터,CENTER_EDUCATION,50플러스센터 교육,OPEN,모집중,LECTURE,교육회원,2026-05-15~2026-05-31,2026-05-15,2026-05-31,,7,20,72476029,공개강좌 원데이클래스 무료특강,FREE,무료,,,0,0원,2026-06-18,2026-06-18,동작센터,,김영옥,2026년 동작새길 공개특강,8,10,https://www.50plus.or.kr/education-detail.do?id=72490933&viewCount=12&educationKind=centerEducation,https://www.50plus.or.kr/education-detail.do?id=72490933&viewCount=12&educationKind=centerEducation,2026-05-24T14:51:05
72490024,50플러스센터교육,모집중,숟가락 난타: 악보를 볼 줄 몰라도 OK 숟가락으로 놀아요,동작센터,CENTER_EDUCATION,50플러스센터 교육,WAITING,모집중,LECTURE,교육회원,2026-05-15~2026-05-31,2026-05-15,2026-05-31,,7,15,72476029,공개강좌 원데이클래스 무료특강,FREE,무료,,,0,0원,2026-06-18,2026-06-18,동작센터,,홍세은,2026년 동작새길 공개특강,15,10,https://www.50plus.or.kr/education-detail.do?id=72490024&viewCount=12&educationKind=centerEducation,https://www.50plus.or.kr/education-detail.do?id=72490024&viewCount=12&educationKind=centerEducation,2026-05-24T14:51:05
72488747,50플러스센터교육,모집중,놀이로 만나는 세계여행,동작센터,CENTER_EDUCATION,50플러스센터 교육,OPEN,모집중,LECTURE,교육회원,2026-05-15~2026-05-31,2026-05-15,2026-05-31,,7,16,72476029,공개강좌 원데이클래스 무료특강,FREE,무료,,,0,0원,2026-06-17,2026-06-17,동작센터,,유영선,2026년 동작새길 공개특강,7,10,https://www.50plus.or.kr/education-detail.do?id=72488747&viewCount=12&educationKind=centerEducation,https://www.50plus.or.kr/education-detail.do?id=72488747&viewCount=12&educationKind=centerEducation,2026-05-24T14:51:05
72488286,50플러스센터교육,모집중,"디지털 시대의 감성 글쓰기, “디카시, 사진 한 장에 감성을 입힌다”",동작센터,CENTER_EDUCATION,50플러스센터 교육,OPEN,모집중,LECTURE,교육회원,2026-05-15~2026-05-31,2026-05-15,2026-05-31,,7,20,72476029,공개강좌 원데이클래스 무료특강,FREE,무료,,,0,0원,2026-06-15,2026-06-15,동작센터,,권영조,2026년 동작새길 공개특강,13,10,https://www.50plus.or.kr/education-detail.do?id=72488286&viewCount=12&educationKind=centerEducation,https://www.50plus.or.kr/education-detail.do?id=72488286&viewCount=12&educationKind=centerEducation,2026-05-24T14:51:05
72484889,50플러스센터교육,모집중,"일상의 쉼, 전통매듭",동작센터,CENTER_EDUCATION,50플러스센터 교육,OPEN,모집중,LECTURE,교육회원,2026-05-15~2026-05-31,2026-05-15,2026-05-31,,7,12,72476029,공개강좌 원데이클래스 무료특강,FREE,무료,,,0,0원,2026-06-15,2026-06-15,동작센터,,박수연,2026년 동작새길 공개특강,9,10,https://www.50plus.or.kr/education-detail.do?id=72484889&viewCount=12&educationKind=centerEducation,https://www.50plus.or.kr/education-detail.do?id=72484889&viewCount=12&educationKind=centerEducation,2026-05-24T14:51:05
72484434,50플러스센터교육,모집중,테마를 찾아 떠나보는 일본여행-영화와 드라마를 통한 일본 종주 여행(훗카이도/동북지방),동작센터,CENTER_EDUCATION,50플러스센터 교육,WAITING,모집중,LECTURE,교육회원,2026-05-15~2026-05-31,2026-05-15,2026-05-31,,7,20,72476029,공개강좌 원데이클래스 무료특강,FREE,무료,,,0,0원,2026-06-10,2026-06-10,동작센터,,정구형,2026년 동작새길 공개특강,20,10,https://www.50plus.or.kr/education-detail.do?id=72484434&viewCount=12&educationKind=centerEducation,https://www.50plus.or.kr/education-detail.do?id=72484434&viewCount=12&educationKind=centerEducation,2026-05-24T14:51:05
72481609,50플러스센터교육,모집중,건강체조와 함께하는 두뇌건강 보드게임,동작센터,CENTER_EDUCATION,50플러스센터 교육,OPEN,모집중,LECTURE,교육회원,2026-05-15~2026-05-31,2026-05-15,2026-05-31,,7,12,72476029,공개강좌 원데이클래스 무료특강,FREE,무료,,,0,0원,2026-06-09,2026-06-09,동작센터,,강승희,2026년 동작새길 공개특강,10,10,https://www.50plus.or.kr/education-detail.do?id=72481609&viewCount=12&educationKind=centerEducation,https://www.50plus.or.kr/education-detail.do?id=72481609&viewCount=12&educationKind=centerEducation,2026-05-24T14:51:05
72481164,50플러스센터교육,모집중,[늘봄학교 초등 맞춤형 프로그램] 스카티고를 활용한 플러스드 활동,동작센터,CENTER_EDUCATION,50플러스센터 교육,OPEN,모집중,LECTURE,교육회원,2026-05-15~2026-05-27,2026-05-15,2026-05-27,,3,20,72476029,공개강좌 원데이클래스 무료특강,FREE,무료,,,0,0원,2026-06-05,2026-06-05,동작센터,,최용환,2026년 동작새길 공개특강,9,10,https://www.50plus.or.kr/education-detail.do?id=72481164&viewCount=12&educationKind=centerEducation,https://www.50plus.or.kr/education-detail.do?id=72481164&viewCount=12&educationKind=centerEducation,2026-05-24T14:51:05
72480714,50플러스센터교육,모집중,환경강사 출발 준비반 과정,동작센터,CENTER_EDUCATION,50플러스센터 교육,OPEN,모집중,LECTURE,교육회원,2026-05-15~2026-05-27,2026-05-15,2026-05-27,,3,20,72476029,공개강좌 원데이클래스 무료특강,FREE,무료,,,0,0원,2026-06-05,2026-06-05,동작센터,,백장흠,2026년 동작새길 공개특강,7,10,https://www.50plus.or.kr/education-detail.do?id=72480714&viewCount=12&educationKind=centerEducation,https://www.50plus.or.kr/education-detail.do?id=72480714&viewCount=12&educationKind=centerEducation,2026-05-24T14:51:05
72480183,50플러스센터교육,모집중,유니버설웨이트 타로 입문,동작센터,CENTER_EDUCATION,50플러스센터 교육,WAITING,모집중,LECTURE,교육회원,2026-05-15~2026-05-27,2026-05-15,2026-05-27,,3,12,72476029,공개강좌 원데이클래스 무료특강,FREE,무료,,,0,0원,2026-06-05,2026-06-05,동작센터,,민미숙,2026년 동작새길 공개특강,12,10,https://www.50plus.or.kr/education-detail.do?id=72480183&viewCount=12&educationKind=centerEducation,https://www.50plus.or.kr/education-detail.do?id=72480183&viewCount=12&educationKind=centerEducation,2026-05-24T14:51:05
72479571,50플러스센터교육,모집중,내 이야기를 콘텐츠로 만들기,동작센터,CENTER_EDUCATION,50플러스센터 교육,OPEN,모집중,LECTURE,교육회원,2026-05-15~2026-05-27,2026-05-15,2026-05-27,,3,20,72476029,공개강좌 원데이클래스 무료특강,FREE,무료,,,0,0원,2026-06-04,2026-06-04,동작센터,,임성희,2026년 동작새길 공개특강,10,10,https://www.50plus.or.kr/education-detail.do?id=72479571&viewCount=12&educationKind=centerEducation,https://www.50plus.or.kr/education-detail.do?id=72479571&viewCount=12&educationKind=centerEducation,2026-05-24T14:51:05
72462636,50플러스센터교육,모집중,[무료 상담] 국민연금공단과 함께하는 2분기「노후준비 종합상담」,금천센터,CENTER_EDUCATION,50플러스센터 교육,OPEN,모집중,LECTURE,교육회원,2026-05-02~2026-06-02,2026-05-02,2026-06-02,,9,10,57199061,인생설계,FREE_CONFIRM,무료,,,0,0원,2026-06-09,2026-06-09,금천센터,,국민연금공단,2026년 금천 1학기,0,8,https://www.50plus.or.kr/education-detail.do?id=72462636&viewCount=12&educationKind=centerEducation,https://www.50plus.or.kr/education-detail.do?id=72462636&viewCount=12&educationKind=centerEducation,2026-05-24T14:51:05
72449028,50플러스센터교육,모집중,[금천공감+시네마] 5월 상영작 <3학년 2학기> ,금천센터,CENTER_EDUCATION,50플러스센터 교육,OPEN,모집중,LECTURE,교육회원,2026-05-01~2026-05-28,2026-05-01,2026-05-28,,4,24,57199061,인생설계,FREE,무료,,,0,0원,2026-05-28,2026-05-28,금천센터,,서울영상위원회,2026년 금천 1학기,8,0,https://www.50plus.or.kr/education-detail.do?id=72449028&viewCount=12&educationKind=centerEducation,https://www.50plus.or.kr/education-detail.do?id=72449028&viewCount=12&educationKind=centerEducation,2026-05-24T14:51:05
72398811,50플러스센터교육,모집중,영어팝송으로 보는 음악시대 인문학,동작센터,CENTER_EDUCATION,50플러스센터 교육,OPEN,모집중,LECTURE,교육회원,2026-05-15~2026-05-25,2026-05-15,2026-05-25,,1,20,72476029,공개강좌 원데이클래스 무료특강,FREE,무료,,,0,0원,2026-06-04,2026-06-04,동작센터,,정혜영,2026년 동작새길 공개특강,8,10,https://www.50plus.or.kr/education-detail.do?id=72398811&viewCount=12&educationKind=centerEducation,https://www.50plus.or.kr/education-detail.do?id=72398811&viewCount=12&educationKind=centerEducation,2026-05-24T14:51:05
72398241,50플러스센터교육,모집중,내 인생에서 처음 만나는 나의 동화책,동작센터,CENTER_EDUCATION,50플러스센터 교육,OPEN,모집중,LECTURE,교육회원,2026-05-15~2026-05-25,2026-05-15,2026-05-25,,1,15,72476029,공개강좌 원데이클래스 무료특강,FREE,무료,,,0,0원,2026-06-02,2026-06-02,동작센터,,황해연,2026년 동작새길 공개특강,13,10,https://www.50plus.or.kr/education-detail.do?id=72398241&viewCount=12&educationKind=centerEducation,https://www.50plus.or.kr/education-detail.do?id=72398241&viewCount=12&educationKind=centerEducation,2026-05-24T14:51:05
72398053,50플러스센터교육,모집중,똑 소리나는 감속노화 라이프스타일 치유,동작센터,CENTER_EDUCATION,50플러스센터 교육,WAITING,모집중,LECTURE,교육회원,2026-05-15~2026-05-25,2026-05-15,2026-05-25,,1,20,72476029,공개강좌 원데이클래스 무료특강,FREE,무료,,,0,0원,2026-06-02,2026-06-02,동작센터,,신경희,2026년 동작새길 공개특강,20,10,https://www.50plus.or.kr/education-detail.do?id=72398053&viewCount=12&educationKind=centerEducation,https://www.50plus.or.kr/education-detail.do?id=72398053&viewCount=12&educationKind=centerEducation,2026-05-24T14:51:05
72397880,50플러스센터교육,모집중,내 몸의 골든타임! 건강만다라로 만성질환예방관리,동작센터,CENTER_EDUCATION,50플러스센터 교육,OPEN,모집중,LECTURE,교육회원,2026-05-15~2026-05-25,2026-05-15,2026-05-25,,1,20,72476029,공개강좌 원데이클래스 무료특강,FREE,무료,,,0,0원,2026-06-02,2026-06-02,동작센터,,배경미,2026년 동작새길 공개특강,8,10,https://www.50plus.or.kr/education-detail.do?id=72397880&viewCount=12&educationKind=centerEducation,https://www.50plus.or.kr/education-detail.do?id=72397880&viewCount=12&educationKind=centerEducation,2026-05-24T14:51:05
72397626,50플러스센터교육,모집중,"영양제, 알고 먹으면 보약 모르고 먹으면 독",동작센터,CENTER_EDUCATION,50플러스센터 교육,OPEN,모집중,LECTURE,교육회원,2026-05-15~2026-05-25,2026-05-15,2026-05-25,,1,20,72476029,공개강좌 원데이클래스 무료특강,FREE,무료,,,0,0원,2026-06-01,2026-06-01,동작센터,,배경미,2026년 동작새길 공개특강,9,10,https://www.50plus.or.kr/education-detail.do?id=72397626&viewCount=12&educationKind=centerEducation,https://www.50plus.or.kr/education-detail.do?id=72397626&viewCount=12&educationKind=centerEducation,2026-05-24T14:51:05
72344570,50플러스센터교육,모집중,"[원데이스쿨] 광명동굴 빛의 탐방(상반기, 5월)",금천센터,CENTER_EDUCATION,50플러스센터 교육,OPEN,모집중,LECTURE,교육회원,2026-05-01~2026-05-25,2026-05-01,2026-05-25,,1,12,57199088,금빛학교,CHARGED_CONFIRM,유료,,,5000,5000원,2026-05-27,2026-05-27,금천센터,,광명동굴 문화해설사,2026년 금천 1학기,10,5,https://www.50plus.or.kr/education-detail.do?id=72344570&viewCount=12&educationKind=centerEducation,https://www.50plus.or.kr/education-detail.do?id=72344570&viewCount=12&educationKind=centerEducation,2026-05-24T14:51:05
72236714,50플러스센터교육,모집중,홈클리닝 전문가 양성과정 5월 ,동작센터,CENTER_EDUCATION,50플러스센터 교육,OPEN,모집중,LECTURE,교육회원,2026-04-27~2026-05-25,2026-04-27,2026-05-25,,1,10,69087252,일활동사업,FREE,무료,,,0,0원,2026-05-28,2026-05-28,동작센터,,청연 강사진,2026년 동작 상반기,5,0,https://www.50plus.or.kr/education-detail.do?id=72236714&viewCount=12&educationKind=centerEducation,https://www.50plus.or.kr/education-detail.do?id=72236714&viewCount=12&educationKind=centerEducation,2026-05-24T14:51:05
72113508,50플러스센터교육,모집중,반려식물 무료분갈이서비스(5월),양천센터,CENTER_EDUCATION,50플러스센터 교육,OPEN,모집중,LECTURE,교육회원,2026-04-28~2026-05-29,2026-04-28,2026-05-29,,5,1000,72263044,일자리사업,FREE_CONFIRM,무료,,,0,0원,2026-05-04,2026-05-29,양천센터,,그린헬퍼 전문커뮤니티,2026년 양천 5월 교육과정,25,1000,https://www.50plus.or.kr/education-detail.do?id=72113508&viewCount=12&educationKind=centerEducation,https://www.50plus.or.kr/education-detail.do?id=72113508&viewCount=12&educationKind=centerEducation,2026-05-24T14:51:05
72112354,50플러스센터교육,모집중,장난감 무상수리서비스(5월),양천센터,CENTER_EDUCATION,50플러스센터 교육,OPEN,모집중,LECTURE,교육회원,2026-04-29~2026-05-28,2026-04-29,2026-05-28,,4,1000,72263044,일자리사업,FREE_CONFIRM,무료,,,0,0원,2026-05-04,2026-05-29,양천센터,,닥터장난감 전문커뮤니티,2026년 양천 5월 교육과정,14,1000,https://www.50plus.or.kr/education-detail.do?id=72112354&viewCount=12&educationKind=centerEducation,https://www.50plus.or.kr/education-detail.do?id=72112354&viewCount=12&educationKind=centerEducation,2026-05-24T14:51:05
72111592,50플러스센터교육,모집중,자전거 무상점검서비스(5월),양천센터,CENTER_EDUCATION,50플러스센터 교육,OPEN,모집중,LECTURE,교육회원,2026-04-29~2026-05-31,2026-04-29,2026-05-31,,7,1000,72263044,일자리사업,FREE_CONFIRM,무료,,,0,0원,2026-05-07,2026-05-28,양천센터,,닥터자전거 전문커뮤니티,2026년 양천 5월 교육과정,57,1000,https://www.50plus.or.kr/education-detail.do?id=72111592&viewCount=12&educationKind=centerEducation,https://www.50plus.or.kr/education-detail.do?id=72111592&viewCount=12&educationKind=centerEducation,2026-05-24T14:51:05
72080797,50플러스센터교육,모집중,[추가모집][인생디자인] 꽃누르미(압화)로 만드는 나만의 힐링 소풍,성북센터,CENTER_EDUCATION,50플러스센터 교육,OPEN,모집중,LECTURE,교육회원,2026-04-22~2026-05-25,2026-04-22,2026-05-25,,1,14,69701735,인생설계 교육사업,CHARGED_CONFIRM,유료,,,5000,5000원,2026-05-26,2026-06-30,성북센터,,백인심,2026년 성북 1학기 (3~5월),12,10,https://www.50plus.or.kr/education-detail.do?id=72080797&viewCount=12&educationKind=centerEducation,https://www.50plus.or.kr/education-detail.do?id=72080797&viewCount=12&educationKind=centerEducation,2026-05-24T14:51:05
71379771,50플러스센터교육,모집중,[인생설계] (창업입문) 프랜차이즈 A to Z. 편의점 창업의 이해,성북센터,CENTER_EDUCATION,50플러스센터 교육,OPEN,모집중,LECTURE,교육회원,2026-04-02~2026-06-02,2026-04-02,2026-06-02,,9,30,69701735,인생설계 교육사업,FREE_CONFIRM,무료,,,0,0원,2026-06-09,2026-06-09,성북센터,,비지에프리테일,2026년 성북 1학기 (3~5월),0,20,https://www.50plus.or.kr/education-detail.do?id=71379771&viewCount=12&educationKind=centerEducation,https://www.50plus.or.kr/education-detail.do?id=71379771&viewCount=12&educationKind=centerEducation,2026-05-24T14:51:05
71206819,50플러스센터교육,모집중,[2026 서대문구 여성 직업능력향상 사업]AI를 활용한 스마트스토어 입문과정 <1기><추가모집>,서대문센터,CENTER_EDUCATION,50플러스센터 교육,OPEN,모집중,LECTURE,교육회원,2026-04-06~2026-05-26,2026-04-06,2026-05-26,,2,20,70069085,일활동,FREE_CONFIRM,무료,,,0,0원,2026-05-20,2026-07-03,서대문센터,,길한나,2026년 서대문 2학기,17,20,https://www.50plus.or.kr/education-detail.do?id=71206819&viewCount=12&educationKind=centerEducation,https://www.50plus.or.kr/education-detail.do?id=71206819&viewCount=12&educationKind=centerEducation,2026-05-24T14:51:05
71141009,50플러스센터교육,모집중,[인생설계] 나만의 작은 정원 테라리움,성북센터,CENTER_EDUCATION,50플러스센터 교육,OPEN,모집중,LECTURE,교육회원,2026-05-18~2026-06-06,2026-05-18,2026-06-06,,13,15,69701735,인생설계 교육사업,CHARGED_CONFIRM,유료,,,30000,30000원,2026-06-01,2026-07-06,성북센터,,이수영,2026년 성북 1학기 (3~5월),10,10,https://www.50plus.or.kr/education-detail.do?id=71141009&viewCount=12&educationKind=centerEducation,https://www.50plus.or.kr/education-detail.do?id=71141009&viewCount=12&educationKind=centerEducation,2026-05-24T14:51:05
70337111,50플러스센터교육,모집중,"50플러스 재취업, 다시 시작하는 면접과 이력서",관악센터,CENTER_EDUCATION,50플러스센터 교육,OPEN,모집중,LECTURE,교육회원,2026-05-05~2026-06-13,2026-05-05,2026-06-13,,20,14,69055448,콘텐츠공모,CHARGED,유료,,,12000,12000원,2026-06-13,2026-07-04,관악센터,,이현,2026년 관악 2학기,0,14,https://www.50plus.or.kr/education-detail.do?id=70337111&viewCount=12&educationKind=centerEducation,https://www.50plus.or.kr/education-detail.do?id=70337111&viewCount=12&educationKind=centerEducation,2026-05-24T14:51:05
72876530,50플러스센터교육,모집중,[토요특강] 변호사와 함께하는 유언장과 효도계약서 작성법,양천센터,CENTER_EDUCATION,50플러스센터 교육,OPEN,모집중,LECTURE,교육회원,2026-05-18~2026-06-26,2026-05-18,2026-06-26,,33,30,72790852,인생설계,CHARGED_CONFIRM,유료,,,5000,5000원,2026-06-27,2026-06-27,양천센터,,이진수,2026년 양천 6월 교육과정,12,10,https://www.50plus.or.kr/education-detail.do?id=72876530&viewCount=12&educationKind=centerEducation,https://www.50plus.or.kr/education-detail.do?id=72876530&viewCount=12&educationKind=centerEducation,2026-05-24T14:51:05
72866447,50플러스센터교육,모집중,"[토요특강] 내 손 안의 작은 정원, 테라리움 만들기",양천센터,CENTER_EDUCATION,50플러스센터 교육,WAITING,모집중,LECTURE,교육회원,2026-05-18~2026-06-17,2026-05-18,2026-06-17,,24,12,72790852,인생설계,CHARGED_CONFIRM,유료,,,5000,5000원,2026-06-20,2026-06-20,양천센터,,김미정,2026년 양천 6월 교육과정,11,10,https://www.50plus.or.kr/education-detail.do?id=72866447&viewCount=12&educationKind=centerEducation,https://www.50plus.or.kr/education-detail.do?id=72866447&viewCount=12&educationKind=centerEducation,2026-05-24T14:51:05
72866401,50플러스센터교육,모집중,자전거정비학교 5기,양천센터,CENTER_EDUCATION,50플러스센터 교육,OPEN,모집중,LECTURE,교육회원,2026-05-18~2026-06-15,2026-05-18,2026-06-15,,22,20,72790863,일활동,CHARGED_CONFIRM,유료,,,50000,50000원,2026-06-24,2026-08-26,양천센터,,최연국,2026년 양천 6월 교육과정,6,20,https://www.50plus.or.kr/education-detail.do?id=72866401&viewCount=12&educationKind=centerEducation,https://www.50plus.or.kr/education-detail.do?id=72866401&viewCount=12&educationKind=centerEducation,2026-05-24T14:51:05
72866160,50플러스센터교육,모집중,출장세차(세진사) 전문가 양성과정(6월),양천센터,CENTER_EDUCATION,50플러스센터 교육,OPEN,모집중,LECTURE,교육회원,2026-05-18~2026-06-10,2026-05-18,2026-06-10,,17,16,72790863,일활동,FREE,무료,,,0,0원,2026-06-11,2026-06-11,양천센터,,세진사 교육팀,2026년 양천 6월 교육과정,2,10,https://www.50plus.or.kr/education-detail.do?id=72866160&viewCount=12&educationKind=centerEducation,https://www.50plus.or.kr/education-detail.do?id=72866160&viewCount=12&educationKind=centerEducation,2026-05-24T14:51:05
72866127,50플러스센터교육,모집중,[취미] 쉽게 배우는 수채화 캘리그라피,양천센터,CENTER_EDUCATION,50플러스센터 교육,OPEN,모집중,LECTURE,교육회원,2026-05-18~2026-06-02,2026-05-18,2026-06-02,,9,16,72790852,인생설계,CHARGED_CONFIRM,유료,,,20000,20000원,2026-06-04,2026-06-25,양천센터,,김영미,2026년 양천 6월 교육과정,14,10,https://www.50plus.or.kr/education-detail.do?id=72866127&viewCount=12&educationKind=centerEducation,https://www.50plus.or.kr/education-detail.do?id=72866127&viewCount=12&educationKind=centerEducation,2026-05-24T14:51:05
72866043,50플러스센터교육,모집중,[토요 특강] 건물주도 부러워 하는 고시원창업 로드맵,양천센터,CENTER_EDUCATION,50플러스센터 교육,OPEN,모집중,LECTURE,교육회원,2026-05-18~2026-06-12,2026-05-18,2026-06-12,,19,30,72790863,일활동,CHARGED_CONFIRM,유료,,,5000,5000원,2026-06-13,2026-06-13,양천센터,,"고시원대학 류한수, 이병대",2026년 양천 6월 교육과정,8,30,https://www.50plus.or.kr/education-detail.do?id=72866043&viewCount=12&educationKind=centerEducation,https://www.50plus.or.kr/education-detail.do?id=72866043&viewCount=12&educationKind=centerEducation,2026-05-24T14:51:05
72858330,50플러스센터교육,모집중,[병원연계] 발목 불안정성과 근력·균형 운동 프로그램,양천센터,CENTER_EDUCATION,50플러스센터 교육,OPEN,모집중,LECTURE,교육회원,2026-05-18~2026-06-11,2026-05-18,2026-06-11,,18,30,72790852,인생설계,CHARGED_CONFIRM,유료,,,1000,1000원,2026-06-12,2026-06-12,양천센터,,고진호,2026년 양천 6월 교육과정,10,5,https://www.50plus.or.kr/education-detail.do?id=72858330&viewCount=12&educationKind=centerEducation,https://www.50plus.or.kr/education-detail.do?id=72858330&viewCount=12&educationKind=centerEducation,2026-05-24T14:51:05
72857948,50플러스센터교육,모집중,청연 홈클리닝 매니저 양성교육,양천센터,CENTER_EDUCATION,50플러스센터 교육,OPEN,모집중,LECTURE,교육회원,2026-05-18~2026-06-17,2026-05-18,2026-06-17,,24,15,72790863,일활동,FREE_CONFIRM,무료,,,0,0원,2026-06-17,2026-06-17,양천센터,,청연 교육팀,2026년 양천 6월 교육과정,1,0,https://www.50plus.or.kr/education-detail.do?id=72857948&viewCount=12&educationKind=centerEducation,https://www.50plus.or.kr/education-detail.do?id=72857948&viewCount=12&educationKind=centerEducation,2026-05-24T14:51:06
72856393,50플러스센터교육,모집중,예술가의 공간을 향해 떠나는 여행,양천센터,CENTER_EDUCATION,50플러스센터 교육,OPEN,모집중,LECTURE,교육회원,2026-05-18~2026-06-10,2026-05-18,2026-06-10,,17,20,72790852,인생설계,CHARGED_CONFIRM,유료,,,20000,20000원,2026-06-11,2026-07-02,양천센터,,권라희,2026년 양천 6월 교육과정,14,10,https://www.50plus.or.kr/education-detail.do?id=72856393&viewCount=12&educationKind=centerEducation,https://www.50plus.or.kr/education-detail.do?id=72856393&viewCount=12&educationKind=centerEducation,2026-05-24T14:51:06
72853783,50플러스센터교육,모집중,생활 속의 한의학,양천센터,CENTER_EDUCATION,50플러스센터 교육,OPEN,모집중,LECTURE,교육회원,2026-05-18~2026-06-08,2026-05-18,2026-06-08,,15,20,72790852,인생설계,CHARGED_CONFIRM,유료,,,30000,30000원,2026-06-09,2026-07-14,양천센터,,정재은,2026년 양천 6월 교육과정,10,10,https://www.50plus.or.kr/education-detail.do?id=72853783&viewCount=12&educationKind=centerEducation,https://www.50plus.or.kr/education-detail.do?id=72853783&viewCount=12&educationKind=centerEducation,2026-05-24T14:51:06
72847386,50플러스센터교육,모집중,"[특별기획프로그램] 페이퍼 콜라주 마음엽서 만들기(월, 14:00-15:50)",성동센터,CENTER_EDUCATION,50플러스센터 교육,OPEN,모집중,LECTURE,교육회원,2026-05-15~2026-06-19,2026-05-15,2026-06-19,,26,12,69099942,노후지원사업,CHARGED,유료,,,5000,5000원,2026-06-22,2026-06-22,성동센터,,강지해,2026년 성동봄학기(5월~6월),0,5,https://www.50plus.or.kr/education-detail.do?id=72847386&viewCount=12&educationKind=centerEducation,https://www.50plus.or.kr/education-detail.do?id=72847386&viewCount=12&educationKind=centerEducation,2026-05-24T14:51:06
72846951,50플러스센터교육,모집중,"[특별기획프로그램]나의 여름 쉼표, '캘리그라피 친환경 종이 부채 만들기'(월, 14:00-15:50)",성동센터,CENTER_EDUCATION,50플러스센터 교육,OPEN,모집중,LECTURE,교육회원,2026-05-15~2026-06-12,2026-05-15,2026-06-12,,19,12,69099942,노후지원사업,CHARGED,유료,,,5000,5000원,2026-06-15,2026-06-15,성동센터,,강지해,2026년 성동봄학기(5월~6월),0,5,https://www.50plus.or.kr/education-detail.do?id=72846951&viewCount=12&educationKind=centerEducation,https://www.50plus.or.kr/education-detail.do?id=72846951&viewCount=12&educationKind=centerEducation,2026-05-24T14:51:06
72802857,50플러스센터교육,모집중,[서대문구 특성화프로그램] 생성형 AI 활용; 소규모 브랜드 창업 과정,서대문센터,CENTER_EDUCATION,50플러스센터 교육,OPEN,모집중,LECTURE,교육회원,2026-05-12~2026-06-21,2026-05-12,2026-06-21,,28,15,70069085,일활동,FREE_CONFIRM,무료,,,0,0원,2026-06-23,2026-08-25,서대문센터,,김경옥,2026년 서대문 2학기,7,20,https://www.50plus.or.kr/education-detail.do?id=72802857&viewCount=12&educationKind=centerEducation,https://www.50plus.or.kr/education-detail.do?id=72802857&viewCount=12&educationKind=centerEducation,2026-05-24T14:51:06
72799026,50플러스센터교육,모집중,재가방문요양센터 창업과정,양천센터,CENTER_EDUCATION,50플러스센터 교육,OPEN,모집중,LECTURE,교육회원,2026-05-18~2026-06-09,2026-05-18,2026-06-09,,16,30,72790863,일활동,CHARGED_CONFIRM,유료,,,20000,20000원,2026-06-10,2026-07-01,양천센터,,이익선,2026년 양천 6월 교육과정,10,30,https://www.50plus.or.kr/education-detail.do?id=72799026&viewCount=12&educationKind=centerEducation,https://www.50plus.or.kr/education-detail.do?id=72799026&viewCount=12&educationKind=centerEducation,2026-05-24T14:51:06
72705025,50플러스센터교육,모집중,"성동구민 우대)성동구의 어제와 오늘을 걷다(수, 10:00-11:50)",성동센터,CENTER_EDUCATION,50플러스센터 교육,OPEN,모집중,LECTURE,교육회원,2026-05-15~2026-05-29,2026-05-15,2026-05-29,,5,14,69099942,노후지원사업,FREE_CONFIRM,무료,,,0,0원,2026-06-10,2026-07-01,성동센터,,성동학개론 강사단,2026년 성동봄학기(5월~6월),7,5,https://www.50plus.or.kr/education-detail.do?id=72705025&viewCount=12&educationKind=centerEducation,https://www.50plus.or.kr/education-detail.do?id=72705025&viewCount=12&educationKind=centerEducation,2026-05-24T14:51:06
72439434,50플러스센터교육,모집중,긱워커 디지털 사무과정_인스타그램,서대문센터,CENTER_EDUCATION,50플러스센터 교육,OPEN,모집중,LECTURE,교육회원,2026-05-04~2026-06-05,2026-05-04,2026-06-05,,12,20,70069085,일활동,CHARGED_CONFIRM,유료,,,20000,20000원,2026-06-09,2026-06-30,서대문센터,,김세인,2026년 서대문 2학기,11,30,https://www.50plus.or.kr/education-detail.do?id=72439434&viewCount=12&educationKind=centerEducation,https://www.50plus.or.kr/education-detail.do?id=72439434&viewCount=12&educationKind=centerEducation,2026-05-24T14:51:06
72438005,50플러스센터교육,모집중,엑셀 기초부터 자격증까지! ITQ 엑셀 한번에 배우기,서대문센터,CENTER_EDUCATION,50플러스센터 교육,OPEN,모집중,LECTURE,교육회원,2026-05-04~2026-06-22,2026-05-04,2026-06-22,,29,20,70069085,일활동,CHARGED_CONFIRM,유료,,,20000,20000원,2026-06-08,2026-06-24,서대문센터,,엄선희,2026년 서대문 2학기,11,20,https://www.50plus.or.kr/education-detail.do?id=72438005&viewCount=12&educationKind=centerEducation,https://www.50plus.or.kr/education-detail.do?id=72438005&viewCount=12&educationKind=centerEducation,2026-05-24T14:51:06
72431311,50플러스센터교육,모집중,[특강] AI를 활용한 콘텐츠 크리에이팅,서대문센터,CENTER_EDUCATION,50플러스센터 교육,OPEN,모집중,LECTURE,교육회원,2026-05-04~2026-06-24,2026-05-04,2026-06-24,,31,35,70069085,일활동,FREE_CONFIRM,무료,,,0,0원,2026-06-26,2026-06-26,서대문센터,,장세인,2026년 서대문 2학기,30,69,https://www.50plus.or.kr/education-detail.do?id=72431311&viewCount=12&educationKind=centerEducation,https://www.50plus.or.kr/education-detail.do?id=72431311&viewCount=12&educationKind=centerEducation,2026-05-24T14:51:06
72012880,50플러스센터교육,모집중,[함께하는 학교]손끝으로 엮는 라탄 공예,서대문센터,CENTER_EDUCATION,50플러스센터 교육,OPEN,모집중,LECTURE,교육회원,2026-05-04~2026-06-01,2026-05-04,2026-06-01,,8,16,70069108,인생설계,FREE_CONFIRM,무료,,,0,0원,2026-06-02,2026-06-23,서대문센터,,이승신,2026년 서대문 2학기,10,10,https://www.50plus.or.kr/education-detail.do?id=72012880&viewCount=12&educationKind=centerEducation,https://www.50plus.or.kr/education-detail.do?id=72012880&viewCount=12&educationKind=centerEducation,2026-05-24T14:51:06
71944480,50플러스센터교육,모집중,관악 싱글 하모니,관악센터,CENTER_EDUCATION,50플러스센터 교육,OPEN,모집중,LECTURE,교육회원,2026-04-27~2026-06-10,2026-04-27,2026-06-10,,17,18,69055425,인생설계,FREE_CONFIRM,무료,,,0,0원,2026-06-10,2026-11-30,관악센터,,정은주,2026년 관악 2학기,4,18,https://www.50plus.or.kr/education-detail.do?id=71944480&viewCount=12&educationKind=centerEducation,https://www.50plus.or.kr/education-detail.do?id=71944480&viewCount=12&educationKind=centerEducation,2026-05-24T14:51:06
71918704,50플러스센터교육,모집중,[2026 서대문구 여성 직업능력향상 사업]실내식물관리사 양성과정 <2기>,서대문센터,CENTER_EDUCATION,50플러스센터 교육,OPEN,모집중,LECTURE,교육회원,2026-04-17~2026-05-26,2026-04-17,2026-05-26,,2,25,70069085,일활동,FREE_CONFIRM,무료,,,0,0원,2026-06-09,2026-07-02,서대문센터,,(주) 트리팜 식물회관,2026년 서대문 2학기,0,30,https://www.50plus.or.kr/education-detail.do?id=71918704&viewCount=12&educationKind=centerEducation,https://www.50plus.or.kr/education-detail.do?id=71918704&viewCount=12&educationKind=centerEducation,2026-05-24T14:51:06
71648867,50플러스센터교육,모집중,"[커뮤니티 동행, 함께 빛나다] 한그루와 함께하는 힐링 에코 라이프",서대문센터,CENTER_EDUCATION,50플러스센터 교육,OPEN,모집중,LECTURE,교육회원,2026-05-01~2026-06-22,2026-05-01,2026-06-22,,29,8,70069108,인생설계,FREE_CONFIRM,무료,,,0,0원,2026-06-23,2026-06-23,서대문센터,,김시원,2026년 서대문 2학기,1,5,https://www.50plus.or.kr/education-detail.do?id=71648867&viewCount=12&educationKind=centerEducation,https://www.50plus.or.kr/education-detail.do?id=71648867&viewCount=12&educationKind=centerEducation,2026-05-24T14:51:06
71648079,50플러스센터교육,모집중,"[커뮤니티 동행, 함께 빛나다] 숲19와 함께하는 홍제천의 봄 풀과 나무 이야기",서대문센터,CENTER_EDUCATION,50플러스센터 교육,WAITING,모집중,LECTURE,교육회원,2026-05-01~2026-06-09,2026-05-01,2026-06-09,,16,10,70069108,인생설계,FREE_CONFIRM,무료,,,0,0원,2026-06-10,2026-06-10,서대문센터,,김시원,2026년 서대문 2학기,9,10,https://www.50plus.or.kr/education-detail.do?id=71648079&viewCount=12&educationKind=centerEducation,https://www.50plus.or.kr/education-detail.do?id=71648079&viewCount=12&educationKind=centerEducation,2026-05-24T14:51:06
71647365,50플러스센터교육,모집중,"[커뮤니티 동행, 함께 빛나다] 힐링 훌라와 함께하는 알로하, 훌라! 원데이 클래스",서대문센터,CENTER_EDUCATION,50플러스센터 교육,WAITING,모집중,LECTURE,교육회원,2026-05-01~2026-06-08,2026-05-01,2026-06-08,,15,15,70069108,인생설계,FREE_CONFIRM,무료,,,0,0원,2026-06-09,2026-06-09,서대문센터,,이미자,2026년 서대문 2학기,8,10,https://www.50plus.or.kr/education-detail.do?id=71647365&viewCount=12&educationKind=centerEducation,https://www.50plus.or.kr/education-detail.do?id=71647365&viewCount=12&educationKind=centerEducation,2026-05-24T14:51:06
71646265,50플러스센터교육,모집중,"[커뮤니티 동행, 함께 빛나다] 종이꽃 크레오와 함께하는 힐링 페이퍼 플라워",서대문센터,CENTER_EDUCATION,50플러스센터 교육,OPEN,모집중,LECTURE,교육회원,2026-05-01~2026-06-04,2026-05-01,2026-06-04,,11,10,70069108,인생설계,FREE_CONFIRM,무료,,,0,0원,2026-06-05,2026-06-26,서대문센터,,정소연,2026년 서대문 2학기,7,10,https://www.50plus.or.kr/education-detail.do?id=71646265&viewCount=12&educationKind=centerEducation,https://www.50plus.or.kr/education-detail.do?id=71646265&viewCount=12&educationKind=centerEducation,2026-05-24T14:51:06
71641362,50플러스센터교육,모집중,"[커뮤니티 동행, 함께 빛나다] 디지털 금융강사와 함께하는 AI시대 똑똑한 금융생활 입문",서대문센터,CENTER_EDUCATION,50플러스센터 교육,OPEN,모집중,LECTURE,교육회원,2026-05-01~2026-06-02,2026-05-01,2026-06-02,,9,10,70069108,인생설계,FREE_CONFIRM,무료,,,0,0원,2026-06-04,2026-06-25,서대문센터,,장재명,2026년 서대문 2학기,7,10,https://www.50plus.or.kr/education-detail.do?id=71641362&viewCount=12&educationKind=centerEducation,https://www.50plus.or.kr/education-detail.do?id=71641362&viewCount=12&educationKind=centerEducation,2026-05-24T14:51:06
71640633,50플러스센터교육,모집중,[양천50+BTS 커뮤니티 역량강화교육] 머신 마감관리 및 카페 운영 실습 ,양천센터,CENTER_EDUCATION,50플러스센터 교육,OPEN,모집중,LECTURE,교육회원,2026-04-16~2026-06-10,2026-04-16,2026-06-10,,17,72,72262946,일자리사업,FREE_CONFIRM,무료,,,0,0원,2026-04-22,2026-06-11,양천센터,,노혜원,2026년 양천 4월 교육과정,37,15,https://www.50plus.or.kr/education-detail.do?id=71640633&viewCount=12&educationKind=centerEducation,https://www.50plus.or.kr/education-detail.do?id=71640633&viewCount=12&educationKind=centerEducation,2026-05-24T14:51:06
71639762,50플러스센터교육,모집중,"[커뮤니티 동행, 함께 빛나다] 두근두근 서대문 알리미와 함께하는 독립운동 그 길을 걷다",서대문센터,CENTER_EDUCATION,50플러스센터 교육,OPEN,모집중,LECTURE,교육회원,2026-05-01~2026-06-01,2026-05-01,2026-06-01,,8,10,70069108,인생설계,FREE_CONFIRM,무료,,,0,0원,2026-06-02,2026-06-02,서대문센터,,윤지영,2026년 서대문 2학기,9,10,https://www.50plus.or.kr/education-detail.do?id=71639762&viewCount=12&educationKind=centerEducation,https://www.50plus.or.kr/education-detail.do?id=71639762&viewCount=12&educationKind=centerEducation,2026-05-24T14:51:06
71619973,50플러스센터교육,모집중,"[커뮤니티 동행, 함께 빛나다] 희망선과 함께하는 안티에이징 숲길 걷기",서대문센터,CENTER_EDUCATION,50플러스센터 교육,WAITING,모집중,LECTURE,교육회원,2026-04-13~2026-05-25,2026-04-13,2026-05-25,,1,12,70069108,인생설계,FREE_CONFIRM,무료,,,0,0원,2026-05-26,2026-05-26,서대문센터,,신영진,2026년 서대문 2학기,9,10,https://www.50plus.or.kr/education-detail.do?id=71619973&viewCount=12&educationKind=centerEducation,https://www.50plus.or.kr/education-detail.do?id=71619973&viewCount=12&educationKind=centerEducation,2026-05-24T14:51:06
71205682,50플러스센터교육,모집중,[특강] 하루에 배우는 온라인 셀러의 세계,서대문센터,CENTER_EDUCATION,50플러스센터 교육,OPEN,모집중,LECTURE,교육회원,2026-04-01~2026-05-26,2026-04-01,2026-05-26,,2,40,70069085,일활동,FREE_CONFIRM,무료,,,0,0원,2026-05-29,2026-05-29,서대문센터,,전진수,2026년 서대문 2학기,36,60,https://www.50plus.or.kr/education-detail.do?id=71205682&viewCount=12&educationKind=centerEducation,https://www.50plus.or.kr/education-detail.do?id=71205682&viewCount=12&educationKind=centerEducation,2026-05-24T14:51:06
71142421,50플러스센터교육,모집중,2026 마루방 독립영화 산책 : 5월 넷째 주 <3학년 2학기>_이란희 감독과의 대화 (GV 진행),서대문센터,CENTER_EDUCATION,50플러스센터 교육,OPEN,모집중,LECTURE,교육회원,2026-04-01~2026-05-27,2026-04-01,2026-05-27,,3,15,70069108,인생설계,FREE,무료,,,0,0원,2026-05-27,2026-05-27,서대문센터,,인디서울,2026년 서대문 2학기,12,10,https://www.50plus.or.kr/education-detail.do?id=71142421&viewCount=12&educationKind=centerEducation,https://www.50plus.or.kr/education-detail.do?id=71142421&viewCount=12&educationKind=centerEducation,2026-05-24T14:51:06
71116309,50플러스센터교육,모집중,국민연금공단과 함께하는 슬기로운 재무관리,서대문센터,CENTER_EDUCATION,50플러스센터 교육,OPEN,모집중,LECTURE,교육회원,2026-05-01~2026-06-16,2026-05-01,2026-06-16,,23,15,70069108,인생설계,FREE_CONFIRM,무료,,,0,0원,2026-06-16,2026-06-23,서대문센터,,김윤경,2026년 서대문 2학기,11,10,https://www.50plus.or.kr/education-detail.do?id=71116309&viewCount=12&educationKind=centerEducation,https://www.50plus.or.kr/education-detail.do?id=71116309&viewCount=12&educationKind=centerEducation,2026-05-24T14:51:06
70705364,50플러스센터교육,모집중,[언론중재위원회와 함께하는 슬기로운 미디어 생활],서대문센터,CENTER_EDUCATION,50플러스센터 교육,OPEN,모집중,LECTURE,교육회원,2026-05-01~2026-06-30,2026-05-01,2026-06-30,,37,15,70069108,인생설계,FREE_CONFIRM,무료,,,0,0원,2026-06-30,2026-06-30,서대문센터,,"양재규, 김승아",2026년 서대문 2학기,1,15,https://www.50plus.or.kr/education-detail.do?id=70705364&viewCount=12&educationKind=centerEducation,https://www.50plus.or.kr/education-detail.do?id=70705364&viewCount=12&educationKind=centerEducation,2026-05-24T14:51:06
70628140,50플러스센터교육,모집중,청소연구소와함께하는 홈매니저양성과정 12기,서대문센터,CENTER_EDUCATION,50플러스센터 교육,OPEN,모집중,LECTURE,교육회원,2026-03-13~2026-06-24,2026-03-13,2026-06-24,,31,15,70069085,일활동,FREE,무료,,,0,0원,2026-06-25,2026-06-25,서대문센터,,청소연구소매니저,2026년 서대문 2학기,2,10,https://www.50plus.or.kr/education-detail.do?id=70628140&viewCount=12&educationKind=centerEducation,https://www.50plus.or.kr/education-detail.do?id=70628140&viewCount=12&educationKind=centerEducation,2026-05-24T14:51:06
70627938,50플러스센터교육,모집중,청소연구소와함께하는 홈매니저양성과정 11기,서대문센터,CENTER_EDUCATION,50플러스센터 교육,OPEN,모집중,LECTURE,교육회원,2026-03-13~2026-06-10,2026-03-13,2026-06-10,,17,15,70069085,일활동,FREE,무료,,,0,0원,2026-06-11,2026-06-11,서대문센터,,청소연구소매니저,2026년 서대문 2학기,1,10,https://www.50plus.or.kr/education-detail.do?id=70627938&viewCount=12&educationKind=centerEducation,https://www.50plus.or.kr/education-detail.do?id=70627938&viewCount=12&educationKind=centerEducation,2026-05-24T14:51:06
70593273,50플러스센터교육,모집중,직업상담사와 함께 새로운 내;일 찾기_6월,서대문센터,CENTER_EDUCATION,50플러스센터 교육,OPEN,모집중,LECTURE,교육회원,2026-05-01~2026-06-05,2026-05-01,2026-06-05,,12,15,70069108,인생설계,FREE_CONFIRM,무료,,,0,0원,2026-06-22,2026-06-22,서대문센터,,김정원,2026년 서대문 2학기,1,10,https://www.50plus.or.kr/education-detail.do?id=70593273&viewCount=12&educationKind=centerEducation,https://www.50plus.or.kr/education-detail.do?id=70593273&viewCount=12&educationKind=centerEducation,2026-05-24T14:51:06
72866092,50플러스센터교육,모집중,[초중급] 스마트폰으로 뚝딱! 캡컷 영상만들기 첫 걸음,양천센터,CENTER_EDUCATION,50플러스센터 교육,WAITING,모집중,LECTURE,교육회원,2026-05-18~2026-05-28,2026-05-18,2026-05-28,,4,20,72790852,인생설계,CHARGED_CONFIRM,유료,,,25000,25000원,2026-06-01,2026-06-29,양천센터,,배경식,2026년 양천 6월 교육과정,18,20,https://www.50plus.or.kr/education-detail.do?id=72866092&viewCount=12&educationKind=centerEducation,https://www.50plus.or.kr/education-detail.do?id=72866092&viewCount=12&educationKind=centerEducation,2026-05-24T14:51:06
72287425,50플러스센터교육,모집중,2026 마루방 독립영화 산책 : 6월 넷째 주 <고백하지마>,서대문센터,CENTER_EDUCATION,50플러스센터 교육,OPEN,모집중,LECTURE,교육회원,2026-05-04~2026-06-24,2026-05-04,2026-06-24,,31,15,70069108,인생설계,FREE,무료,,,0,0원,2026-06-24,2026-06-24,서대문센터,,인디서울,2026년 서대문 2학기,3,10,https://www.50plus.or.kr/education-detail.do?id=72287425&viewCount=12&educationKind=centerEducation,https://www.50plus.or.kr/education-detail.do?id=72287425&viewCount=12&educationKind=centerEducation,2026-05-24T14:51:06
72286824,50플러스센터교육,모집중,2026 마루방 독립영화 산책 : 6월 둘째 주 <바로 지금 여기>_남태제 감독과의 대화 (GV 진행),서대문센터,CENTER_EDUCATION,50플러스센터 교육,OPEN,모집중,LECTURE,교육회원,2026-05-04~2026-06-10,2026-05-04,2026-06-10,,17,15,70069108,인생설계,FREE,무료,,,0,0원,2026-06-10,2026-06-10,서대문센터,,인디서울,2026년 서대문 2학기,6,10,https://www.50plus.or.kr/education-detail.do?id=72286824&viewCount=12&educationKind=centerEducation,https://www.50plus.or.kr/education-detail.do?id=72286824&viewCount=12&educationKind=centerEducation,2026-05-24T14:51:06
72148386,50플러스센터교육,모집중,[양천50+그래니즈 잉글리시 스토리텔러 커뮤니티 역량강화교육] 시니어 영어동화 스토리텔러 AI 컨텐츠 활용 ,양천센터,CENTER_EDUCATION,50플러스센터 교육,OPEN,모집중,LECTURE,교육회원,2026-04-23~2026-05-25,2026-04-23,2026-05-25,,1,20,72263044,일자리사업,FREE_CONFIRM,무료,,,0,0원,2026-05-26,2026-06-30,양천센터,,양진영,2026년 양천 5월 교육과정,13,20,https://www.50plus.or.kr/education-detail.do?id=72148386&viewCount=12&educationKind=centerEducation,https://www.50plus.or.kr/education-detail.do?id=72148386&viewCount=12&educationKind=centerEducation,2026-05-24T14:51:06
71520569,50플러스센터교육,모집중,[양천50+ 웃나플 커뮤니티 역량강화교육] 웃음치료 강사 양성 과정,양천센터,CENTER_EDUCATION,50플러스센터 교육,OPEN,모집중,LECTURE,교육회원,2026-04-23~2026-05-24,2026-04-23,2026-05-24,,0,35,72263044,일자리사업,FREE_CONFIRM,무료,,,0,0원,2026-05-27,2026-10-07,양천센터,,성정숙,2026년 양천 5월 교육과정,22,35,https://www.50plus.or.kr/education-detail.do?id=71520569&viewCount=12&educationKind=centerEducation,https://www.50plus.or.kr/education-detail.do?id=71520569&viewCount=12&educationKind=centerEducation,2026-05-24T14:51:06
73095644,50플러스센터교육,모집중,[커뮤니티] 명성황후의 발자취를 따라 걷는 불암산 역사 힐링 탐방,노원센터,CENTER_EDUCATION,50플러스센터 교육,OPEN,모집중,LECTURE,교육회원,2026-05-20~2026-05-26,2026-05-20,2026-05-26,,2,15,69834154,커뮤니티지원사업,FREE,무료,,,0,0원,2026-05-28,2026-05-28,노원센터,,역사적만남 커뮤니티,2026년 노원 2학기(3~5월),6,10,https://www.50plus.or.kr/education-detail.do?id=73095644&viewCount=12&educationKind=centerEducation,https://www.50plus.or.kr/education-detail.do?id=73095644&viewCount=12&educationKind=centerEducation,2026-05-24T14:51:06
73009371,50플러스센터교육,모집중,"구글Vids로 시작하는 영상편집 기본(금, 15:00~16:50)",성동센터,CENTER_EDUCATION,50플러스센터 교육,OPEN,모집중,LECTURE,교육회원,2026-05-19~2026-06-12,2026-05-19,2026-06-12,,19,12,69099942,노후지원사업,CHARGED,유료,,,30000,30000원,2026-06-12,2026-06-26,성동센터,,유선주,2026년 성동봄학기(5월~6월),7,5,https://www.50plus.or.kr/education-detail.do?id=73009371&viewCount=12&educationKind=centerEducation,https://www.50plus.or.kr/education-detail.do?id=73009371&viewCount=12&educationKind=centerEducation,2026-05-24T14:51:06
72971481,50플러스센터교육,모집중,"[사전접수] 인큐베이팅데이  ""같이하場 - 노원50+옥상마켓""",노원센터,CENTER_EDUCATION,50플러스센터 교육,OPEN,모집중,LECTURE,교육회원,2026-05-20~2026-06-08,2026-05-20,2026-06-08,,15,120,72872755,인큐베이팅지원사업,FREE_CONFIRM,무료,,,0,0원,2026-06-09,2026-06-09,노원센터,,노원50플러스센터,2026년 노원 3학기(6~8월),28,30,https://www.50plus.or.kr/education-detail.do?id=72971481&viewCount=12&educationKind=centerEducation,https://www.50plus.or.kr/education-detail.do?id=72971481&viewCount=12&educationKind=centerEducation,2026-05-24T14:51:06
72941268,50플러스센터교육,모집중,월50만원 소득 창출을 위한 온라인 쇼핑몰과정,노원센터,CENTER_EDUCATION,50플러스센터 교육,OPEN,모집중,LECTURE,교육회원,2026-05-20~2026-05-31,2026-05-20,2026-05-31,,7,16,72872745,4050직업역량교육,CHARGED_CONFIRM,유료,,,50000,50000원,2026-06-01,2026-06-29,노원센터,,김철민,2026년 노원 3학기(6~8월),0,10,https://www.50plus.or.kr/education-detail.do?id=72941268&viewCount=12&educationKind=centerEducation,https://www.50plus.or.kr/education-detail.do?id=72941268&viewCount=12&educationKind=centerEducation,2026-05-24T14:51:06
72920485,50플러스센터교육,모집중,[당사자] 중장년을 위한 아로마테라피,노원센터,CENTER_EDUCATION,50플러스센터 교육,OPEN,모집중,LECTURE,교육회원,2026-05-20~2026-06-12,2026-05-20,2026-06-12,,19,18,72872714,인생설계교육사업,CHARGED,유료,,,10000,10000원,2026-06-13,2026-07-11,노원센터,,이민선,2026년 노원 3학기(6~8월),6,8,https://www.50plus.or.kr/education-detail.do?id=72920485&viewCount=12&educationKind=centerEducation,https://www.50plus.or.kr/education-detail.do?id=72920485&viewCount=12&educationKind=centerEducation,2026-05-24T14:51:06
72919918,50플러스센터교육,모집중,[당사자] 삶이 시(詩)가 되는 순간,노원센터,CENTER_EDUCATION,50플러스센터 교육,OPEN,모집중,LECTURE,교육회원,2026-05-20~2026-06-11,2026-05-20,2026-06-11,,18,18,72872714,인생설계교육사업,CHARGED,유료,,,10000,10000원,2026-06-12,2026-07-10,노원센터,,정진홍,2026년 노원 3학기(6~8월),5,8,https://www.50plus.or.kr/education-detail.do?id=72919918&viewCount=12&educationKind=centerEducation,https://www.50plus.or.kr/education-detail.do?id=72919918&viewCount=12&educationKind=centerEducation,2026-05-24T14:51:06
72915790,50플러스센터교육,모집중,[당사자] 영어그림동화로 시니어 스토리텔러 도전하기,노원센터,CENTER_EDUCATION,50플러스센터 교육,OPEN,모집중,LECTURE,교육회원,2026-05-20~2026-06-09,2026-05-20,2026-06-09,,16,18,72872714,인생설계교육사업,CHARGED,유료,,,10000,10000원,2026-06-10,2026-07-08,노원센터,,백금화,2026년 노원 3학기(6~8월),5,8,https://www.50plus.or.kr/education-detail.do?id=72915790&viewCount=12&educationKind=centerEducation,https://www.50plus.or.kr/education-detail.do?id=72915790&viewCount=12&educationKind=centerEducation,2026-05-24T14:51:06
72901642,50플러스센터교육,모집중,[당사자] 쉽게 따라하는 셀프미용(안면&두피),노원센터,CENTER_EDUCATION,50플러스센터 교육,OPEN,모집중,LECTURE,교육회원,2026-05-20~2026-06-01,2026-05-20,2026-06-01,,8,18,72872714,인생설계교육사업,CHARGED,유료,,,10000,10000원,2026-06-02,2026-06-30,노원센터,,이선영,2026년 노원 3학기(6~8월),12,8,https://www.50plus.or.kr/education-detail.do?id=72901642&viewCount=12&educationKind=centerEducation,https://www.50plus.or.kr/education-detail.do?id=72901642&viewCount=12&educationKind=centerEducation,2026-05-24T14:51:06
72891332,50플러스센터교육,모집중,"드론교육지도자과정(늘봄,방과후강사양성과정)",노원센터,CENTER_EDUCATION,50플러스센터 교육,OPEN,모집중,LECTURE,교육회원,2026-05-20~2026-06-05,2026-05-20,2026-06-05,,12,16,72872745,4050직업역량교육,CHARGED_CONFIRM,유료,,,50000,50000원,2026-06-05,2026-07-31,노원센터,,"신경희,  김정태",2026년 노원 3학기(6~8월),0,16,https://www.50plus.or.kr/education-detail.do?id=72891332&viewCount=12&educationKind=centerEducation,https://www.50plus.or.kr/education-detail.do?id=72891332&viewCount=12&educationKind=centerEducation,2026-05-24T14:51:06
72875189,50플러스센터교육,모집중,"[문화] 캘리그라피, ""글과 색으로 쉼을 꽃피우다""",노원센터,CENTER_EDUCATION,50플러스센터 교육,OPEN,모집중,LECTURE,교육회원,2026-05-20~2026-06-01,2026-05-20,2026-06-01,,8,20,72872714,인생설계교육사업,CHARGED,유료,,,30000,30000원,2026-06-02,2026-07-21,노원센터,,오미선,2026년 노원 3학기(6~8월),14,10,https://www.50plus.or.kr/education-detail.do?id=72875189&viewCount=12&educationKind=centerEducation,https://www.50plus.or.kr/education-detail.do?id=72875189&viewCount=12&educationKind=centerEducation,2026-05-24T14:51:06
71702132,50플러스센터교육,모집중,[인큐품앗이][드림스테이지] 이웃집 예술인과 작업하기,노원센터,CENTER_EDUCATION,50플러스센터 교육,OPEN,모집중,LECTURE,교육회원,2026-04-15~2026-06-03,2026-04-15,2026-06-03,,10,16,69834110,인생설계교육사업,FREE,무료,,,0,0원,2026-06-04,2026-06-04,노원센터,,김사빈,2026년 노원 2학기(3~5월),7,10,https://www.50plus.or.kr/education-detail.do?id=71702132&viewCount=12&educationKind=centerEducation,https://www.50plus.or.kr/education-detail.do?id=71702132&viewCount=12&educationKind=centerEducation,2026-05-24T14:51:06
71701979,50플러스센터교육,모집중,[인큐품앗이][S.O.M.] 세상에 하나뿐인 나의 이야기,노원센터,CENTER_EDUCATION,50플러스센터 교육,OPEN,모집중,LECTURE,교육회원,2026-04-15~2026-06-03,2026-04-15,2026-06-03,,10,16,69834110,인생설계교육사업,FREE,무료,,,0,0원,2026-06-04,2026-06-04,노원센터,,고아라,2026년 노원 2학기(3~5월),7,10,https://www.50plus.or.kr/education-detail.do?id=71701979&viewCount=12&educationKind=centerEducation,https://www.50plus.or.kr/education-detail.do?id=71701979&viewCount=12&educationKind=centerEducation,2026-05-24T14:51:06
72941372,50플러스센터교육,모집중,[미디어] ITQ한글자격증취득과정,노원센터,CENTER_EDUCATION,50플러스센터 교육,WAITING,모집중,LECTURE,교육회원,2026-05-20~2026-06-11,2026-05-20,2026-06-11,,18,16,72872714,인생설계교육사업,CHARGED,유료,,,30000,30000원,2026-06-12,2026-08-07,노원센터,,오미영,2026년 노원 3학기(6~8월),16,10,https://www.50plus.or.kr/education-detail.do?id=72941372&viewCount=12&educationKind=centerEducation,https://www.50plus.or.kr/education-detail.do?id=72941372&viewCount=12&educationKind=centerEducation,2026-05-24T14:51:06
72941303,50플러스센터교육,모집중,[미디어] 컴퓨터활용능력2급실기반,노원센터,CENTER_EDUCATION,50플러스센터 교육,WAITING,모집중,LECTURE,교육회원,2026-05-20~2026-06-07,2026-05-20,2026-06-07,,14,16,72872714,인생설계교육사업,CHARGED,유료,,,40000,40000원,2026-06-08,2026-07-15,노원센터,,오미영,2026년 노원 3학기(6~8월),16,10,https://www.50plus.or.kr/education-detail.do?id=72941303&viewCount=12&educationKind=centerEducation,https://www.50plus.or.kr/education-detail.do?id=72941303&viewCount=12&educationKind=centerEducation,2026-05-24T14:51:06
72941245,50플러스센터교육,모집중,스마트폰AI활용교육강사2급과정,노원센터,CENTER_EDUCATION,50플러스센터 교육,OPEN,모집중,LECTURE,교육회원,2026-05-20~2026-06-11,2026-05-20,2026-06-11,,18,16,72872745,4050직업역량교육,CHARGED_CONFIRM,유료,,,40000,40000원,2026-06-12,2026-07-13,노원센터,,정세영,2026년 노원 3학기(6~8월),0,10,https://www.50plus.or.kr/education-detail.do?id=72941245&viewCount=12&educationKind=centerEducation,https://www.50plus.or.kr/education-detail.do?id=72941245&viewCount=12&educationKind=centerEducation,2026-05-24T14:51:09
72941182,50플러스센터교육,모집중,디지털교육매니저양성과정,노원센터,CENTER_EDUCATION,50플러스센터 교육,OPEN,모집중,LECTURE,교육회원,2026-05-20~2026-06-09,2026-05-20,2026-06-09,,16,16,72872745,4050직업역량교육,CHARGED_CONFIRM,유료,,,50000,50000원,2026-06-10,2026-07-29,노원센터,,손지연,2026년 노원 3학기(6~8월),0,10,https://www.50plus.or.kr/education-detail.do?id=72941182&viewCount=12&educationKind=centerEducation,https://www.50plus.or.kr/education-detail.do?id=72941182&viewCount=12&educationKind=centerEducation,2026-05-24T14:51:09
72892128,50플러스센터교육,모집중,[노후준비] 바리스타 도전하기(자격증 취득 주말반),노원센터,CENTER_EDUCATION,50플러스센터 교육,OPEN,모집중,LECTURE,교육회원,2026-05-20~2026-06-20,2026-05-20,2026-06-20,,27,10,72872714,인생설계교육사업,CHARGED,유료,,,60000,60000원,2026-06-20,2026-08-22,노원센터,,최은경,2026년 노원 3학기(6~8월),2,10,https://www.50plus.or.kr/education-detail.do?id=72892128&viewCount=12&educationKind=centerEducation,https://www.50plus.or.kr/education-detail.do?id=72892128&viewCount=12&educationKind=centerEducation,2026-05-24T14:51:09
72891486,50플러스센터교육,모집중,[요리] 발효로 차리는 제철 식탁,노원센터,CENTER_EDUCATION,50플러스센터 교육,OPEN,모집중,LECTURE,교육회원,2026-05-20~2026-06-09,2026-05-20,2026-06-09,,16,10,72872714,인생설계교육사업,CHARGED,유료,,,50000,50000원,2026-06-09,2026-07-21,노원센터,,조재희,2026년 노원 3학기(6~8월),5,10,https://www.50plus.or.kr/education-detail.do?id=72891486&viewCount=12&educationKind=centerEducation,https://www.50plus.or.kr/education-detail.do?id=72891486&viewCount=12&educationKind=centerEducation,2026-05-24T14:51:09
72875758,50플러스센터교육,모집중,생성형AI활용디지털N잡,노원센터,CENTER_EDUCATION,50플러스센터 교육,WAITING,모집중,LECTURE,교육회원,2026-05-20~2026-06-01,2026-05-20,2026-06-01,,8,16,72872745,4050직업역량교육,CHARGED_CONFIRM,유료,,,50000,50000원,2026-06-02,2026-08-18,노원센터,,조미영,2026년 노원 3학기(6~8월),0,10,https://www.50plus.or.kr/education-detail.do?id=72875758&viewCount=12&educationKind=centerEducation,https://www.50plus.or.kr/education-detail.do?id=72875758&viewCount=12&educationKind=centerEducation,2026-05-24T14:51:09
72875390,50플러스센터교육,모집중,[문화] 홈바리스타 핸드드립반,노원센터,CENTER_EDUCATION,50플러스센터 교육,OPEN,모집중,LECTURE,교육회원,2026-05-20~2026-06-16,2026-05-20,2026-06-16,,23,10,72872714,인생설계교육사업,CHARGED,유료,,,30000,30000원,2026-06-17,2026-07-15,노원센터,,최은경,2026년 노원 3학기(6~8월),3,10,https://www.50plus.or.kr/education-detail.do?id=72875390&viewCount=12&educationKind=centerEducation,https://www.50plus.or.kr/education-detail.do?id=72875390&viewCount=12&educationKind=centerEducation,2026-05-24T14:51:09
72875307,50플러스센터교육,모집중,[문화] 통기타 연주반(중급),노원센터,CENTER_EDUCATION,50플러스센터 교육,WAITING,모집중,LECTURE,교육회원,2026-05-20~2026-06-11,2026-05-20,2026-06-11,,18,15,72872714,인생설계교육사업,CHARGED,유료,,,30000,30000원,2026-06-12,2026-08-07,노원센터,,조지훈,2026년 노원 3학기(6~8월),15,10,https://www.50plus.or.kr/education-detail.do?id=72875307&viewCount=12&educationKind=centerEducation,https://www.50plus.or.kr/education-detail.do?id=72875307&viewCount=12&educationKind=centerEducation,2026-05-24T14:51:09
72941165,50플러스센터교육,모집중,[노후준비] 행복한 나를 만드는 관계의 기술 (국민연금공단),노원센터,CENTER_EDUCATION,50플러스센터 교육,WAITING,모집중,LECTURE,교육회원,2026-05-20~2026-06-22,2026-05-20,2026-06-22,,29,30,72872714,인생설계교육사업,FREE,무료,,,0,0원,2026-06-23,2026-06-23,노원센터,,허성주,2026년 노원 3학기(6~8월),30,10,https://www.50plus.or.kr/education-detail.do?id=72941165&viewCount=12&educationKind=centerEducation,https://www.50plus.or.kr/education-detail.do?id=72941165&viewCount=12&educationKind=centerEducation,2026-05-24T14:51:09
72941146,50플러스센터교육,모집중,[노후준비] 도형심리로 만들어가는 행복한 대인관계 (국민연금공단),노원센터,CENTER_EDUCATION,50플러스센터 교육,OPEN,모집중,LECTURE,교육회원,2026-05-20~2026-06-15,2026-05-20,2026-06-15,,22,30,72872714,인생설계교육사업,FREE,무료,,,0,0원,2026-06-16,2026-06-16,노원센터,,신승수,2026년 노원 3학기(6~8월),29,10,https://www.50plus.or.kr/education-detail.do?id=72941146&viewCount=12&educationKind=centerEducation,https://www.50plus.or.kr/education-detail.do?id=72941146&viewCount=12&educationKind=centerEducation,2026-05-24T14:51:09
72941194,50플러스센터교육,모집중,[노후준비] 오늘 떠나는 수도권 역사여행 (국민연금공단),노원센터,CENTER_EDUCATION,50플러스센터 교육,WAITING,모집중,LECTURE,교육회원,2026-05-20~2026-06-29,2026-05-20,2026-06-29,,36,30,72872714,인생설계교육사업,FREE,무료,,,0,0원,2026-06-30,2026-06-30,노원센터,,이경주,2026년 노원 3학기(6~8월),30,10,https://www.50plus.or.kr/education-detail.do?id=72941194&viewCount=12&educationKind=centerEducation,https://www.50plus.or.kr/education-detail.do?id=72941194&viewCount=12&educationKind=centerEducation,2026-05-24T14:51:09
72921197,50플러스센터교육,모집중,[당사자] 눈으로 찍는 사진,노원센터,CENTER_EDUCATION,50플러스센터 교육,WAITING,모집중,LECTURE,교육회원,2026-05-20~2026-06-24,2026-05-20,2026-06-24,,31,18,72872714,인생설계교육사업,CHARGED,유료,,,10000,10000원,2026-06-25,2026-07-23,노원센터,,최규연,2026년 노원 3학기(6~8월),18,8,https://www.50plus.or.kr/education-detail.do?id=72921197&viewCount=12&educationKind=centerEducation,https://www.50plus.or.kr/education-detail.do?id=72921197&viewCount=12&educationKind=centerEducation,2026-05-24T14:51:09
72875584,50플러스센터교육,모집중,[문화] 우쿨렐레 가요연주반(중급),노원센터,CENTER_EDUCATION,50플러스센터 교육,WAITING,모집중,LECTURE,교육회원,2026-05-20~2026-06-24,2026-05-20,2026-06-24,,31,15,72872714,인생설계교육사업,CHARGED,유료,,,30000,30000원,2026-06-25,2026-08-13,노원센터,,손현정,2026년 노원 3학기(6~8월),15,10,https://www.50plus.or.kr/education-detail.do?id=72875584&viewCount=12&educationKind=centerEducation,https://www.50plus.or.kr/education-detail.do?id=72875584&viewCount=12&educationKind=centerEducation,2026-05-24T14:51:09
71649025,50플러스센터교육,모집중,창의과학놀이지도사양성과정 (늘봄학교강사양성과정),노원센터,CENTER_EDUCATION,50플러스센터 교육,WAITING,모집중,LECTURE,교육회원,2026-04-15~2026-05-27,2026-04-15,2026-05-27,,3,16,69834121,4050직업역량교육,CHARGED_CONFIRM,유료,,,50000,50000원,2026-05-27,2026-08-19,노원센터,,최민희,2026년 노원 2학기(3~5월),16,16,https://www.50plus.or.kr/education-detail.do?id=71649025&viewCount=12&educationKind=centerEducation,https://www.50plus.or.kr/education-detail.do?id=71649025&viewCount=12&educationKind=centerEducation,2026-05-24T14:51:09
72707881,50플러스센터교육,모집중,"일상을 디자인하는 마법, 미리캔버스(월, 16:30~18:20)",성동센터,CENTER_EDUCATION,50플러스센터 교육,WAITING,모집중,LECTURE,교육회원,2026-05-15~2026-06-01,2026-05-15,2026-06-01,,8,12,69099942,노후지원사업,CHARGED,유료,,,40000,40000원,2026-06-01,2026-06-22,성동센터,,정진경,2026년 성동봄학기(5월~6월),12,6,https://www.50plus.or.kr/education-detail.do?id=72707881&viewCount=12&educationKind=centerEducation,https://www.50plus.or.kr/education-detail.do?id=72707881&viewCount=12&educationKind=centerEducation,2026-05-24T14:51:09
72649222,50플러스센터교육,모집중,"N잡의 시작! 에어비앤비로 가볍게 돈 벌자(수, 13:00-14:50)",성동센터,CENTER_EDUCATION,50플러스센터 교육,OPEN,모집중,LECTURE,교육회원,2026-05-15~2026-06-09,2026-05-15,2026-06-09,,16,20,69099942,노후지원사업,CHARGED,유료,,,50000,50000원,2026-06-10,2026-07-01,성동센터,,최한웅,2026년 성동봄학기(5월~6월),13,5,https://www.50plus.or.kr/education-detail.do?id=72649222&viewCount=12&educationKind=centerEducation,https://www.50plus.or.kr/education-detail.do?id=72649222&viewCount=12&educationKind=centerEducation,2026-05-24T14:51:09
71409872,50플러스센터교육,모집중,"[특별기획 프로그램] 소리 없는 내 몸의 자객, 스트레스 관리 (화, 10:00-11:50)",성동센터,CENTER_EDUCATION,50플러스센터 교육,OPEN,모집중,LECTURE,교육회원,2026-05-15~2026-06-26,2026-05-15,2026-06-26,,33,20,69099966,일활동사업,CHARGED,유료,,,5000,5000원,2026-06-30,2026-06-30,성동센터,,한상희,2026년 성동봄학기(5월~6월),1,5,https://www.50plus.or.kr/education-detail.do?id=71409872&viewCount=12&educationKind=centerEducation,https://www.50plus.or.kr/education-detail.do?id=71409872&viewCount=12&educationKind=centerEducation,2026-05-24T14:51:09
72756212,50플러스센터교육,모집중,"책놀이지도사 양성과정 1차(화, 14:00-16:50)",성동센터,CENTER_EDUCATION,50플러스센터 교육,OPEN,모집중,LECTURE,교육회원,2026-05-15~2026-06-08,2026-05-15,2026-06-08,,15,12,69099942,노후지원사업,CHARGED,유료,,,50000,50000원,2026-06-09,2026-06-30,성동센터,,김은화,2026년 성동봄학기(5월~6월),9,5,https://www.50plus.or.kr/education-detail.do?id=72756212&viewCount=12&educationKind=centerEducation,https://www.50plus.or.kr/education-detail.do?id=72756212&viewCount=12&educationKind=centerEducation,2026-05-24T14:51:09
71705339,50플러스센터교육,모집중,"한 달이면 나도 대학입시 전문가 (수, 10:00-11:50)",성동센터,CENTER_EDUCATION,50플러스센터 교육,OPEN,모집중,LECTURE,교육회원,2026-05-15~2026-06-05,2026-05-15,2026-06-05,,12,15,69099942,노후지원사업,CHARGED,유료,,,50000,50000원,2026-06-10,2026-07-01,성동센터,,김성일,2026년 성동봄학기(5월~6월),3,5,https://www.50plus.or.kr/education-detail.do?id=71705339&viewCount=12&educationKind=centerEducation,https://www.50plus.or.kr/education-detail.do?id=71705339&viewCount=12&educationKind=centerEducation,2026-05-24T14:51:09
71651791,50플러스센터교육,모집중,"중장년 노후를 위한 주택 트렌드(화, 18:30-20:30)",성동센터,CENTER_EDUCATION,50플러스센터 교육,OPEN,모집중,LECTURE,교육회원,2026-04-15~2026-05-26,2026-04-15,2026-05-26,,2,24,69099942,노후지원사업,CHARGED,유료,,,5000,5000원,2026-05-26,2026-06-02,성동센터,,서창희,2026년 성동봄학기(5월~6월),21,10,https://www.50plus.or.kr/education-detail.do?id=71651791&viewCount=12&educationKind=centerEducation,https://www.50plus.or.kr/education-detail.do?id=71651791&viewCount=12&educationKind=centerEducation,2026-05-24T14:51:09
71569124,50플러스센터교육,모집중,"[특별기획프로그램] 일본어, 노래로 스며들다 (목,10:00-11:50)",성동센터,CENTER_EDUCATION,50플러스센터 교육,WAITING,모집중,LECTURE,교육회원,2026-04-15~2026-05-28,2026-04-15,2026-05-28,,4,13,69099942,노후지원사업,CHARGED,유료,,,5000,5000원,2026-05-28,2026-05-28,성동센터,,안휘중,2026년 성동봄학기(5월~6월),13,6,https://www.50plus.or.kr/education-detail.do?id=71569124&viewCount=12&educationKind=centerEducation,https://www.50plus.or.kr/education-detail.do?id=71569124&viewCount=12&educationKind=centerEducation,2026-05-24T14:51:09
71507057,50플러스센터교육,모집중,"[함께배움] 마음이 아프면 몸도 아프다. 경락경혈로 자신있게 다스리자!(화, 14:00~15:50)",성동센터,CENTER_EDUCATION,50플러스센터 교육,OPEN,모집중,LECTURE,교육회원,2026-04-15~2026-05-25,2026-04-15,2026-05-25,,1,24,69099942,노후지원사업,CHARGED,유료,,,5000,5000원,2026-05-26,2026-05-26,성동센터,,자연치유 아카데미,2026년 성동봄학기(5월~6월),18,10,https://www.50plus.or.kr/education-detail.do?id=71507057&viewCount=12&educationKind=centerEducation,https://www.50plus.or.kr/education-detail.do?id=71507057&viewCount=12&educationKind=centerEducation,2026-05-24T14:51:09
71450941,50플러스센터교육,모집중,"[직업지원교육] 디지털문해교육사 진로탐구 (목, 10:00-11:50)",성동센터,CENTER_EDUCATION,50플러스센터 교육,WAITING,모집중,LECTURE,교육회원,2026-04-15~2026-05-27,2026-04-15,2026-05-27,,3,24,69099942,노후지원사업,FREE,무료,,,0,0원,2026-05-28,2026-05-28,성동센터,,정진경,2026년 성동봄학기(5월~6월),24,10,https://www.50plus.or.kr/education-detail.do?id=71450941&viewCount=12&educationKind=centerEducation,https://www.50plus.or.kr/education-detail.do?id=71450941&viewCount=12&educationKind=centerEducation,2026-05-24T14:51:09
71549531,50플러스센터교육,모집중,[시니어 클래스] 신나는 라인댄스②,강서센터,CENTER_EDUCATION,50플러스센터 교육,OPEN,모집중,LECTURE,교육회원,2026-04-20~2026-06-15,2026-04-20,2026-06-15,,22,20,69059668,인생설계,CHARGED_CONFIRM,유료,,,50000,50000원,2026-06-16,2026-08-06,강서센터,,전강미,2026년 강서 1학기,15,10,https://www.50plus.or.kr/education-detail.do?id=71549531&viewCount=12&educationKind=centerEducation,https://www.50plus.or.kr/education-detail.do?id=71549531&viewCount=12&educationKind=centerEducation,2026-05-24T14:51:09
72998095,50플러스센터교육,모집중,전통주 소믈리에 양성과정,강서센터,CENTER_EDUCATION,50플러스센터 교육,OPEN,모집중,LECTURE,교육회원,2026-05-22~2026-06-05,2026-05-22,2026-06-05,,12,20,40575090,전승활동교육프로그램(특강),FREE_CONFIRM,무료,,,0,0원,2026-06-12,2026-07-03,강서센터,,김정훈/오미정,문화재 전승공동체 프로젝트,0,10,https://www.50plus.or.kr/education-detail.do?id=72998095&viewCount=12&educationKind=centerEducation,https://www.50plus.or.kr/education-detail.do?id=72998095&viewCount=12&educationKind=centerEducation,2026-05-24T14:51:09
71729217,50플러스센터교육,모집중,돌봄이 편해지는 치매예방 소통기술,강서센터,CENTER_EDUCATION,50플러스센터 교육,OPEN,모집중,LECTURE,교육회원,2026-04-20~2026-06-07,2026-04-20,2026-06-07,,14,20,69059651,일활동지원,CHARGED,유료,,,20000,20000원,2026-06-09,2026-06-30,강서센터,,채원기,2026년 강서 1학기,4,15,https://www.50plus.or.kr/education-detail.do?id=71729217&viewCount=12&educationKind=centerEducation,https://www.50plus.or.kr/education-detail.do?id=71729217&viewCount=12&educationKind=centerEducation,2026-05-24T14:51:09
72962987,50플러스센터교육,모집중,국민연금공단 6월 특강 '저속 노화! 혈당관리부터',강서센터,CENTER_EDUCATION,50플러스센터 교육,OPEN,모집중,LECTURE,교육회원,2026-05-18~2026-06-29,2026-05-18,2026-06-29,,36,20,69059668,인생설계,FREE,무료,,,0,0원,2026-06-29,2026-06-29,강서센터,,한상희,2026년 강서 1학기,7,10,https://www.50plus.or.kr/education-detail.do?id=72962987&viewCount=12&educationKind=centerEducation,https://www.50plus.or.kr/education-detail.do?id=72962987&viewCount=12&educationKind=centerEducation,2026-05-24T14:51:09
71571075,50플러스센터교육,모집중,[시니어 클래스] 캐리커처 그리기(심화),강서센터,CENTER_EDUCATION,50플러스센터 교육,OPEN,모집중,LECTURE,교육회원,2026-04-20~2026-07-21,2026-04-20,2026-07-21,,58,11,69059668,인생설계,CHARGED_CONFIRM,유료,,,35000,35000원,2026-07-22,2026-09-23,강서센터,,"하수형, 곽혜란",2026년 강서 1학기,0,12,https://www.50plus.or.kr/education-detail.do?id=71571075&viewCount=12&educationKind=centerEducation,https://www.50plus.or.kr/education-detail.do?id=71571075&viewCount=12&educationKind=centerEducation,2026-05-24T14:51:09
72855675,50플러스센터교육,모집중,"(오후) 뜨개질보다 쉽고, 더 예쁜 '양말목 공예' 원데이 무료 클래스",강서센터,CENTER_EDUCATION,50플러스센터 교육,WAITING,모집중,LECTURE,교육회원,2026-05-14~2026-06-22,2026-05-14,2026-06-22,,29,10,69059651,일활동지원,FREE,무료,,,0,0원,2026-06-25,2026-06-25,강서센터,,박수진,2026년 강서 1학기,10,10,https://www.50plus.or.kr/education-detail.do?id=72855675&viewCount=12&educationKind=centerEducation,https://www.50plus.or.kr/education-detail.do?id=72855675&viewCount=12&educationKind=centerEducation,2026-05-24T14:51:09
72855322,50플러스센터교육,모집중,"(오전) 뜨개질보다 쉽고, 더 예쁜 양말목 공예 원데이 무료 클래스",강서센터,CENTER_EDUCATION,50플러스센터 교육,OPEN,모집중,LECTURE,교육회원,2026-05-14~2026-06-22,2026-05-14,2026-06-22,,29,10,69059651,일활동지원,FREE,무료,,,0,0원,2026-06-25,2026-06-25,강서센터,,박수진,2026년 강서 1학기,7,10,https://www.50plus.or.kr/education-detail.do?id=72855322&viewCount=12&educationKind=centerEducation,https://www.50plus.or.kr/education-detail.do?id=72855322&viewCount=12&educationKind=centerEducation,2026-05-24T14:51:09
71564986,50플러스센터교육,모집중,[시니어 클래스] 자화상으로 본 서양미술사,강서센터,CENTER_EDUCATION,50플러스센터 교육,WAITING,모집중,LECTURE,교육회원,2026-04-20~2026-07-07,2026-04-20,2026-07-07,,44,20,69059668,인생설계,CHARGED,유료,,,20000,20000원,2026-07-08,2026-07-29,강서센터,,유승연,2026년 강서 1학기,19,15,https://www.50plus.or.kr/education-detail.do?id=71564986&viewCount=12&educationKind=centerEducation,https://www.50plus.or.kr/education-detail.do?id=71564986&viewCount=12&educationKind=centerEducation,2026-05-24T14:51:09
72160843,50플러스센터교육,모집중,[서초구 사랑의열매 나눔네트워크  '서리풀 온(溫) 교육돌봄단']  경계선지능인 수학학습  전문강사 양성과정,서초센터,CENTER_EDUCATION,50플러스센터 교육,OPEN,모집중,LECTURE,교육회원,2026-04-23~2026-05-25,2026-04-23,2026-05-25,,1,10,69872021,일활동지원사업,CHARGED_CONFIRM,유료,,,90000,90000원,2026-05-26,2026-07-16,서초센터,,"선윤정,정광식,박소연",2026년 서초 1학기,6,5,https://www.50plus.or.kr/education-detail.do?id=72160843&viewCount=12&educationKind=centerEducation,https://www.50plus.or.kr/education-detail.do?id=72160843&viewCount=12&educationKind=centerEducation,2026-05-24T14:51:09
73047873,50플러스센터교육,모집중,[직업역량강화교육]인스타그램으로 부수입 벌기 도전 '온라인 쇼핑 커넥트 마케터 과정(네이버 브랜드 커넥트)',서초센터,CENTER_EDUCATION,50플러스센터 교육,OPEN,모집중,LECTURE,교육회원,2026-05-20~2026-06-07,2026-05-20,2026-06-07,,14,13,69872021,일활동지원사업,CHARGED_CONFIRM,유료,,,30000,30000원,2026-06-09,2026-06-24,서초센터,,권소영,2026년 서초 1학기,0,5,https://www.50plus.or.kr/education-detail.do?id=73047873&viewCount=12&educationKind=centerEducation,https://www.50plus.or.kr/education-detail.do?id=73047873&viewCount=12&educationKind=centerEducation,2026-05-24T14:51:09
73047604,50플러스센터교육,모집중,[직업역량강화교육]은퇴 준비를 위한 온라인 쇼핑몰의 모든 것 '온라인 쇼핑몰(스마트스토어/쿠팡)수익화 과정',서초센터,CENTER_EDUCATION,50플러스센터 교육,OPEN,모집중,LECTURE,교육회원,2026-05-20~2026-06-07,2026-05-20,2026-06-07,,14,13,69872021,일활동지원사업,CHARGED_CONFIRM,유료,,,30000,30000원,2026-06-09,2026-06-26,서초센터,,이정훈,2026년 서초 1학기,0,5,https://www.50plus.or.kr/education-detail.do?id=73047604&viewCount=12&educationKind=centerEducation,https://www.50plus.or.kr/education-detail.do?id=73047604&viewCount=12&educationKind=centerEducation,2026-05-24T14:51:09
73045264,50플러스센터교육,모집중,[재무] 세금전문가와 함께하는 상속증여세와 절세 Tip,서초센터,CENTER_EDUCATION,50플러스센터 교육,WAITING,모집중,LECTURE,교육회원,2026-05-20~2026-06-03,2026-05-20,2026-06-03,,10,20,69871996,인생설계,CHARGED,유료,,,20000,20000원,2026-06-04,2026-06-25,서초센터,,신관식,2026년 서초 1학기,20,10,https://www.50plus.or.kr/education-detail.do?id=73045264&viewCount=12&educationKind=centerEducation,https://www.50plus.or.kr/education-detail.do?id=73045264&viewCount=12&educationKind=centerEducation,2026-05-24T14:51:09
73042576,50플러스센터교육,모집중,[AI아카데미] VREW4.0으로 배우는 AI 영상 제작하기,서초센터,CENTER_EDUCATION,50플러스센터 교육,OPEN,모집중,LECTURE,교육회원,2026-05-20~2026-06-05,2026-05-20,2026-06-05,,12,13,69871996,인생설계,CHARGED,유료,,,30000,30000원,2026-06-08,2026-06-29,서초센터,,전은정,2026년 서초 1학기,11,5,https://www.50plus.or.kr/education-detail.do?id=73042576&viewCount=12&educationKind=centerEducation,https://www.50plus.or.kr/education-detail.do?id=73042576&viewCount=12&educationKind=centerEducation,2026-05-24T14:51:09
73035008,50플러스센터교육,모집중,[여가] 왕초보 인스타그램 클래스 : 기초 A to Z,서초센터,CENTER_EDUCATION,50플러스센터 교육,OPEN,모집중,LECTURE,교육회원,2026-05-20~2026-06-03,2026-05-20,2026-06-03,,10,10,69871996,인생설계,CHARGED,유료,,,20000,20000원,2026-06-04,2026-06-25,서초센터,,박수빈,2026년 서초 1학기,9,5,https://www.50plus.or.kr/education-detail.do?id=73035008&viewCount=12&educationKind=centerEducation,https://www.50plus.or.kr/education-detail.do?id=73035008&viewCount=12&educationKind=centerEducation,2026-05-24T14:51:09
72993984,50플러스센터교육,모집중,[관계] e그림 커뮤니티와 함께하는 '디지털 드로잉으로 기록하는 그림일기 만들기',서초센터,CENTER_EDUCATION,50플러스센터 교육,OPEN,모집중,LECTURE,교육회원,2026-05-20~2026-05-29,2026-05-20,2026-05-29,,5,15,69871996,인생설계,CHARGED,유료,,,20000,20000원,2026-06-01,2026-06-22,서초센터,,김미정,2026년 서초 1학기,4,5,https://www.50plus.or.kr/education-detail.do?id=72993984&viewCount=12&educationKind=centerEducation,https://www.50plus.or.kr/education-detail.do?id=72993984&viewCount=12&educationKind=centerEducation,2026-05-24T14:51:10
72993166,50플러스센터교육,모집중,[여가] 파워 티쳐스 커뮤니티와 함께하는 왕초보도 한 곡 완성! '감성 칼림바 클래스',서초센터,CENTER_EDUCATION,50플러스센터 교육,OPEN,모집중,LECTURE,교육회원,2026-05-20~2026-06-04,2026-05-20,2026-06-04,,11,10,69871996,인생설계,CHARGED,유료,,,20000,20000원,2026-06-05,2026-06-26,서초센터,,윤수진,2026년 서초 1학기,1,5,https://www.50plus.or.kr/education-detail.do?id=72993166&viewCount=12&educationKind=centerEducation,https://www.50plus.or.kr/education-detail.do?id=72993166&viewCount=12&educationKind=centerEducation,2026-05-24T14:51:10
72989657,50플러스센터교육,모집중,[관계] (양성평등기금사업) 동그램 커뮤니티와 함께하는 '굿즈 제작 전문가 과정',서초센터,CENTER_EDUCATION,50플러스센터 교육,OPEN,모집중,LECTURE,교육회원,2026-05-20~2026-06-08,2026-05-20,2026-06-08,,15,15,69871996,인생설계,FREE_CONFIRM,무료,,,0,0원,2026-06-09,2026-07-28,서초센터,,"이수진, 박현이, 송지은, 박소영",2026년 서초 1학기,0,5,https://www.50plus.or.kr/education-detail.do?id=72989657&viewCount=12&educationKind=centerEducation,https://www.50plus.or.kr/education-detail.do?id=72989657&viewCount=12&educationKind=centerEducation,2026-05-24T14:51:10
73046266,50플러스센터교육,모집중,[여가] 오늘의 PICK! : 박물관에서 취향찾기,서초센터,CENTER_EDUCATION,50플러스센터 교육,OPEN,모집중,LECTURE,교육회원,2026-05-20~2026-06-03,2026-05-20,2026-06-03,,10,10,69871996,인생설계,CHARGED,유료,,,20000,20000원,2026-06-04,2026-06-25,서초센터,,박희주,2026년 서초 1학기,4,5,https://www.50plus.or.kr/education-detail.do?id=73046266&viewCount=12&educationKind=centerEducation,https://www.50plus.or.kr/education-detail.do?id=73046266&viewCount=12&educationKind=centerEducation,2026-05-24T14:51:10
73044287,50플러스센터교육,모집중,[AI아카데미] 실무 역량 UP! AI 활용 엑셀 초보 탈출,서초센터,CENTER_EDUCATION,50플러스센터 교육,OPEN,모집중,LECTURE,교육회원,2026-05-20~2026-06-17,2026-05-20,2026-06-17,,24,13,69871996,인생설계,CHARGED,유료,,,30000,30000원,2026-06-18,2026-07-23,서초센터,,윤두수,2026년 서초 1학기,4,5,https://www.50plus.or.kr/education-detail.do?id=73044287&viewCount=12&educationKind=centerEducation,https://www.50plus.or.kr/education-detail.do?id=73044287&viewCount=12&educationKind=centerEducation,2026-05-24T14:51:10
73037311,50플러스센터교육,모집중,"[여가] 시와 그림으로 그리는 한국의 멋, 모란 문인화 기초",서초센터,CENTER_EDUCATION,50플러스센터 교육,OPEN,모집중,LECTURE,교육회원,2026-05-20~2026-06-12,2026-05-20,2026-06-12,,19,10,69871996,인생설계,CHARGED,유료,,,40000,40000원,2026-06-13,2026-07-04,서초센터,,백수경,2026년 서초 1학기,2,5,https://www.50plus.or.kr/education-detail.do?id=73037311&viewCount=12&educationKind=centerEducation,https://www.50plus.or.kr/education-detail.do?id=73037311&viewCount=12&educationKind=centerEducation,2026-05-24T14:51:10
73036567,50플러스센터교육,모집중,[여가] 초보도 가능! 나만의 유튜브 숏츠 영상 만들기,서초센터,CENTER_EDUCATION,50플러스센터 교육,OPEN,모집중,LECTURE,교육회원,2026-05-20~2026-06-10,2026-05-20,2026-06-10,,17,15,69871996,인생설계,CHARGED,유료,,,20000,20000원,2026-06-11,2026-07-02,서초센터,,변미희,2026년 서초 1학기,7,5,https://www.50plus.or.kr/education-detail.do?id=73036567&viewCount=12&educationKind=centerEducation,https://www.50plus.or.kr/education-detail.do?id=73036567&viewCount=12&educationKind=centerEducation,2026-05-24T14:51:10
73036279,50플러스센터교육,모집중,[여가] 목요일 밤 만나는 브릴란떼 성악교실,서초센터,CENTER_EDUCATION,50플러스센터 교육,OPEN,모집중,LECTURE,교육회원,2026-05-20~2026-06-10,2026-05-20,2026-06-10,,17,15,69871996,인생설계,CHARGED,유료,,,20000,20000원,2026-06-11,2026-07-02,서초센터,,이영혜,2026년 서초 1학기,3,5,https://www.50plus.or.kr/education-detail.do?id=73036279&viewCount=12&educationKind=centerEducation,https://www.50plus.or.kr/education-detail.do?id=73036279&viewCount=12&educationKind=centerEducation,2026-05-24T14:51:10
73035167,50플러스센터교육,모집중,[창업초보자학교] 창업 전에 반드시 알아야 할 '창업사기 예방' 가이드,서초센터,CENTER_EDUCATION,50플러스센터 교육,OPEN,모집중,LECTURE,교육회원,2026-05-20~2026-06-08,2026-05-20,2026-06-08,,15,15,69872021,일활동지원사업,CHARGED,유료,,,20000,20000원,2026-06-09,2026-06-30,서초센터,,엄정호,2026년 서초 1학기,4,5,https://www.50plus.or.kr/education-detail.do?id=73035167&viewCount=12&educationKind=centerEducation,https://www.50plus.or.kr/education-detail.do?id=73035167&viewCount=12&educationKind=centerEducation,2026-05-24T14:51:10
72989082,50플러스센터교육,모집중,"[관계] 연극으로 다시 찾는 카타르시스, '스트레스 날리는 공감 연극'",서초센터,CENTER_EDUCATION,50플러스센터 교육,OPEN,모집중,LECTURE,교육회원,2026-05-20~2026-06-09,2026-05-20,2026-06-09,,16,15,69871996,인생설계,CHARGED,유료,,,20000,20000원,2026-06-10,2026-07-01,서초센터,,전윤수,2026년 서초 1학기,2,5,https://www.50plus.or.kr/education-detail.do?id=72989082&viewCount=12&educationKind=centerEducation,https://www.50plus.or.kr/education-detail.do?id=72989082&viewCount=12&educationKind=centerEducation,2026-05-24T14:51:10
72960290,50플러스센터교육,모집중,[직업역량강화교육] 생성형 AI 마스터 클래스 :  미드저니 · 나노바나나 수익화 과정,서초센터,CENTER_EDUCATION,50플러스센터 교육,OPEN,모집중,LECTURE,교육회원,2026-05-20~2026-06-12,2026-05-20,2026-06-12,,19,13,69872021,일활동지원사업,CHARGED_CONFIRM,유료,,,40000,40000원,2026-06-15,2026-08-03,서초센터,,전은정,2026년 서초 1학기,1,5,https://www.50plus.or.kr/education-detail.do?id=72960290&viewCount=12&educationKind=centerEducation,https://www.50plus.or.kr/education-detail.do?id=72960290&viewCount=12&educationKind=centerEducation,2026-05-24T14:51:10
72959467,50플러스센터교육,모집중,[창업초보자학교] 한번에 정리하는 핵심 가이드 '노인장기요양기관 창업 A to Z',서초센터,CENTER_EDUCATION,50플러스센터 교육,OPEN,모집중,LECTURE,교육회원,2026-05-20~2026-06-11,2026-05-20,2026-06-11,,18,15,69872021,일활동지원사업,CHARGED,유료,,,25000,25000원,2026-06-12,2026-07-10,서초센터,,이익선,2026년 서초 1학기,0,5,https://www.50plus.or.kr/education-detail.do?id=72959467&viewCount=12&educationKind=centerEducation,https://www.50plus.or.kr/education-detail.do?id=72959467&viewCount=12&educationKind=centerEducation,2026-05-24T14:51:10
73038282,50플러스센터교육,모집중,"[여가] 놀이로 배우는 가족 소통, 보드게임 클래스",서초센터,CENTER_EDUCATION,50플러스센터 교육,OPEN,모집중,LECTURE,교육회원,2026-05-20~2026-06-19,2026-05-20,2026-06-19,,26,10,69871996,인생설계,CHARGED,유료,,,10000,10000원,2026-06-20,2026-06-27,서초센터,,권선희,2026년 서초 1학기,2,5,https://www.50plus.or.kr/education-detail.do?id=73038282&viewCount=12&educationKind=centerEducation,https://www.50plus.or.kr/education-detail.do?id=73038282&viewCount=12&educationKind=centerEducation,2026-05-24T14:51:10
73037954,50플러스센터교육,모집중,[여가] 명화로 찾아가는 세계미술관 : 프랑스&미국편,서초센터,CENTER_EDUCATION,50플러스센터 교육,OPEN,모집중,LECTURE,교육회원,2026-05-20~2026-06-18,2026-05-20,2026-06-18,,25,15,69871996,인생설계,CHARGED,유료,,,30000,30000원,2026-06-19,2026-07-24,서초센터,,최금희,2026년 서초 1학기,2,5,https://www.50plus.or.kr/education-detail.do?id=73037954&viewCount=12&educationKind=centerEducation,https://www.50plus.or.kr/education-detail.do?id=73037954&viewCount=12&educationKind=centerEducation,2026-05-24T14:51:10
72987719,50플러스센터교육,모집중,"[건강] 국민연금공단과 함께하는 건강 지키기 1편 - '내 몸의 생명도로, 혈관'",서초센터,CENTER_EDUCATION,50플러스센터 교육,OPEN,모집중,LECTURE,교육회원,2026-05-20~2026-06-22,2026-05-20,2026-06-22,,29,20,69871996,인생설계,FREE,무료,,,0,0원,2026-06-23,2026-06-23,서초센터,,한상희,2026년 서초 1학기,7,5,https://www.50plus.or.kr/education-detail.do?id=72987719&viewCount=12&educationKind=centerEducation,https://www.50plus.or.kr/education-detail.do?id=72987719&viewCount=12&educationKind=centerEducation,2026-05-24T14:51:10
72987205,50플러스센터교육,모집중,"[관계] 명화로 만나는 삶의 이야기, '관계 속에서 나를 지키며 살아간 여성 화가들' (온라인)",서초센터,CENTER_EDUCATION,50플러스센터 교육,OPEN,모집중,LECTURE,교육회원,2026-05-20~2026-06-28,2026-05-20,2026-06-28,,35,50,69871996,인생설계,FREE,무료,,,0,0원,2026-06-29,2026-07-06,서초센터,,유승연,2026년 서초 1학기,23,5,https://www.50plus.or.kr/education-detail.do?id=72987205&viewCount=12&educationKind=centerEducation,https://www.50plus.or.kr/education-detail.do?id=72987205&viewCount=12&educationKind=centerEducation,2026-05-24T14:51:10
72986305,50플러스센터교육,모집중,[건강] 안과의사가 알려주는 눈 건강 지키는 법! '당뇨와 눈 건강' (온라인),서초센터,CENTER_EDUCATION,50플러스센터 교육,OPEN,모집중,LECTURE,교육회원,2026-05-20~2026-06-29,2026-05-20,2026-06-29,,36,15,69871996,인생설계,FREE,무료,,,0,0원,2026-06-30,2026-06-30,서초센터,,하성우,2026년 서초 1학기,14,5,https://www.50plus.or.kr/education-detail.do?id=72986305&viewCount=12&educationKind=centerEducation,https://www.50plus.or.kr/education-detail.do?id=72986305&viewCount=12&educationKind=centerEducation,2026-05-24T14:51:10
72985741,50플러스센터교육,모집중,[건강] 안과의사가 알려주는 눈 건강 지키는 법! '당뇨와 눈 건강' (오프라인),서초센터,CENTER_EDUCATION,50플러스센터 교육,WAITING,모집중,LECTURE,교육회원,2026-05-20~2026-06-29,2026-05-20,2026-06-29,,36,15,69871996,인생설계,CHARGED,무료,,,0,0원,2026-06-30,2026-06-30,서초센터,,하성우,2026년 서초 1학기,5,15,https://www.50plus.or.kr/education-detail.do?id=72985741&viewCount=12&educationKind=centerEducation,https://www.50plus.or.kr/education-detail.do?id=72985741&viewCount=12&educationKind=centerEducation,2026-05-24T14:51:10
73045966,50플러스센터교육,모집중,[재무] 법률구조공단과 함께하는 '주택임대차와 전세사기 피해예방' (오프라인),서초센터,CENTER_EDUCATION,50플러스센터 교육,OPEN,모집중,LECTURE,교육회원,2026-05-20~2026-06-29,2026-05-20,2026-06-29,,36,15,69871996,인생설계,FREE,무료,,,0,0원,2026-06-30,2026-06-30,서초센터,,윤명철,2026년 서초 1학기,4,10,https://www.50plus.or.kr/education-detail.do?id=73045966&viewCount=12&educationKind=centerEducation,https://www.50plus.or.kr/education-detail.do?id=73045966&viewCount=12&educationKind=centerEducation,2026-05-24T14:51:10
73045565,50플러스센터교육,모집중,[재무] 법률구조공단과 함께하는 '주택임대차와 전세사기 피해예방' (온라인),서초센터,CENTER_EDUCATION,50플러스센터 교육,OPEN,모집중,LECTURE,교육회원,2026-05-20~2026-06-29,2026-05-20,2026-06-29,,36,15,69871996,인생설계,FREE,무료,,,0,0원,2026-06-30,2026-06-30,서초센터,,윤명철,2026년 서초 1학기,9,5,https://www.50plus.or.kr/education-detail.do?id=73045565&viewCount=12&educationKind=centerEducation,https://www.50plus.or.kr/education-detail.do?id=73045565&viewCount=12&educationKind=centerEducation,2026-05-24T14:51:10
73044627,50플러스센터교육,모집중,"[재무] 목돈 만드는 법, 쉽게 시작하기",서초센터,CENTER_EDUCATION,50플러스센터 교육,OPEN,모집중,LECTURE,교육회원,2026-05-20~2026-06-26,2026-05-20,2026-06-26,,33,30,69871996,인생설계,FREE,무료,,,0,0원,2026-06-26,2026-07-17,서초센터,,신동익,2026년 서초 1학기,12,30,https://www.50plus.or.kr/education-detail.do?id=73044627&viewCount=12&educationKind=centerEducation,https://www.50plus.or.kr/education-detail.do?id=73044627&viewCount=12&educationKind=centerEducation,2026-05-24T14:51:10
73041417,50플러스센터교육,모집중,[여가] 잠원여성가족플라자와 함께하는 숏폼제작 워크숍  : 나의 일상 숏폼 에세이,서초센터,CENTER_EDUCATION,50플러스센터 교육,OPEN,모집중,LECTURE,교육회원,2026-05-20~2026-06-23,2026-05-20,2026-06-23,,30,13,69871996,인생설계,FREE,무료,,,0,0원,2026-06-24,2026-06-24,서초센터,,"이숙경,김혜정",2026년 서초 1학기,11,5,https://www.50plus.or.kr/education-detail.do?id=73041417&viewCount=12&educationKind=centerEducation,https://www.50plus.or.kr/education-detail.do?id=73041417&viewCount=12&educationKind=centerEducation,2026-05-24T14:51:10
72588911,50플러스센터교육,모집중,[일활동] 청소연구소와 함께하는 홈매니저 종사자 양성과정 (5기),강북센터,CENTER_EDUCATION,50플러스센터 교육,OPEN,모집중,LECTURE,교육회원,2026-05-12~2026-05-26,2026-05-12,2026-05-26,,2,20,68819206,일활동,FREE_CONFIRM,무료,,,0,0원,2026-05-26,2026-05-26,강북센터,,청소연구소,2026년 강북 1학기,13,0,https://www.50plus.or.kr/education-detail.do?id=72588911&viewCount=12&educationKind=centerEducation,https://www.50plus.or.kr/education-detail.do?id=72588911&viewCount=12&educationKind=centerEducation,2026-05-24T14:51:10
72349043,50플러스센터교육,모집중,[일활동] 코웨이와 함께하는 렌탈 케어 서비스 전문가 모집 설명회,강북센터,CENTER_EDUCATION,50플러스센터 교육,OPEN,모집중,LECTURE,교육회원,2026-05-11~2026-05-26,2026-05-11,2026-05-26,,2,20,68819206,일활동,FREE_CONFIRM,무료,,,0,0원,2026-05-28,2026-05-28,강북센터,,코웨이,2026년 강북 1학기,3,20,https://www.50plus.or.kr/education-detail.do?id=72349043&viewCount=12&educationKind=centerEducation,https://www.50plus.or.kr/education-detail.do?id=72349043&viewCount=12&educationKind=centerEducation,2026-05-24T14:51:10
73061874,50플러스센터교육,모집중,"[유관기관협력] 중년기 부부교실 : 다시,인생 부부愛 행복 (부부관계점검부터 집수리, 그리고 재무교육까지)",강북센터,CENTER_EDUCATION,50플러스센터 교육,OPEN,모집중,LECTURE,교육회원,2026-05-20~2026-06-18,2026-05-20,2026-06-18,,25,20,71125557,유관기관협력,FREE_CONFIRM,무료,,,0,0원,2026-06-19,2026-07-10,강북센터,,"강북구가족센터, 강북50플러스센터",2026년 강북 1학기,0,8,https://www.50plus.or.kr/education-detail.do?id=73061874&viewCount=12&educationKind=centerEducation,https://www.50plus.or.kr/education-detail.do?id=73061874&viewCount=12&educationKind=centerEducation,2026-05-24T14:51:10
72228008,50플러스센터교육,모집중,[중장년도전지원] 프로 이모티콘 크리에이터 되어보기 (강북구민 특화),강북센터,CENTER_EDUCATION,50플러스센터 교육,OPEN,모집중,LECTURE,교육회원,2026-05-18~2026-06-05,2026-05-18,2026-06-05,,12,16,69070446,중장년도전지원,CHARGED_CONFIRM,유료,,,30000,30000원,2026-06-08,2026-06-29,강북센터,,이광욱,2026년 강북 1학기,12,8,https://www.50plus.or.kr/education-detail.do?id=72228008&viewCount=12&educationKind=centerEducation,https://www.50plus.or.kr/education-detail.do?id=72228008&viewCount=12&educationKind=centerEducation,2026-05-24T14:51:10
72226528,50플러스센터교육,모집중,[직업역량강화] AI를 활용한 프로 작곡가 입문 클래스 (강북구민 특화),강북센터,CENTER_EDUCATION,50플러스센터 교육,OPEN,모집중,LECTURE,교육회원,2026-05-18~2026-06-12,2026-05-18,2026-06-12,,19,20,69070446,중장년도전지원,CHARGED_CONFIRM,유료,,,20000,20000원,2026-06-13,2026-07-04,강북센터,,하늘해,2026년 강북 1학기,19,10,https://www.50plus.or.kr/education-detail.do?id=72226528&viewCount=12&educationKind=centerEducation,https://www.50plus.or.kr/education-detail.do?id=72226528&viewCount=12&educationKind=centerEducation,2026-05-24T14:51:10
72226137,50플러스센터교육,모집중,[인생설계] 명화로 이해하는 서양 인문학 : 르네상스부터 인상주의까지,강북센터,CENTER_EDUCATION,50플러스센터 교육,WAITING,모집중,LECTURE,교육회원,2026-05-18~2026-06-15,2026-05-18,2026-06-15,,22,25,69068868,인생설계,CHARGED_CONFIRM,유료,,,20000,20000원,2026-06-16,2026-07-14,강북센터,,유승연,2026년 강북 1학기,23,10,https://www.50plus.or.kr/education-detail.do?id=72226137&viewCount=12&educationKind=centerEducation,https://www.50plus.or.kr/education-detail.do?id=72226137&viewCount=12&educationKind=centerEducation,2026-05-24T14:51:10
72753999,50플러스센터교육,모집중,"[일활동] 향기로운 배움과 새로운 도전, 어부바 커피정원 연계 교육",성북센터,CENTER_EDUCATION,50플러스센터 교육,OPEN,모집중,LECTURE,교육회원,2026-05-11~2026-05-27,2026-05-11,2026-05-27,,3,15,69701741,일활동 교육사업,FREE_CONFIRM,무료,,,0,0원,2026-05-27,2026-05-30,성북센터,,일자 별 상이,2026년 성북 1학기 (3~5월),0,10,https://www.50plus.or.kr/education-detail.do?id=72753999&viewCount=12&educationKind=centerEducation,https://www.50plus.or.kr/education-detail.do?id=72753999&viewCount=12&educationKind=centerEducation,2026-05-24T14:51:10
71074999,50플러스센터교육,모집중,"파크골프 이론과정 6월반(월, 16:00-17:50)",성동센터,CENTER_EDUCATION,50플러스센터 교육,WAITING,모집중,LECTURE,교육회원,2026-05-15~2026-06-10,2026-05-15,2026-06-10,,17,24,69099942,노후지원사업,CHARGED_CONFIRM,유료,,,50000,50000원,2026-06-15,2026-07-06,성동센터,,"김성찬, 오영숙",2026년 성동봄학기(5월~6월),24,5,https://www.50plus.or.kr/education-detail.do?id=71074999&viewCount=12&educationKind=centerEducation,https://www.50plus.or.kr/education-detail.do?id=71074999&viewCount=12&educationKind=centerEducation,2026-05-24T14:51:10
72710397,50플러스센터교육,모집중,"스마트폰 플러스 알파(+α) (월수, 14:00~15:50)",성동센터,CENTER_EDUCATION,50플러스센터 교육,WAITING,모집중,LECTURE,교육회원,2026-05-15~2026-06-10,2026-05-15,2026-06-10,,17,12,69099942,노후지원사업,CHARGED,유료,,,40000,40000원,2026-06-10,2026-06-22,성동센터,,유선주,2026년 성동봄학기(5월~6월),12,6,https://www.50plus.or.kr/education-detail.do?id=72710397&viewCount=12&educationKind=centerEducation,https://www.50plus.or.kr/education-detail.do?id=72710397&viewCount=12&educationKind=centerEducation,2026-05-24T14:51:10
